Blender 4.0.2
Info: Total files 0 | Changed 0 | Failed 0
/usr/share/blender/scripts/addons/io_scene_gltf2/io/exp/gltf2_io_image_data.py:25: SyntaxWarning: invalid escape sequence '\.'
  regex_dot = re.compile("\.")
/usr/share/blender/scripts/addons/io_scene_gltf2/io/exp/gltf2_io_image_data.py:27: SyntaxWarning: invalid escape sequence '\]'
  new_name = "".join([char for char in adjusted_name if char not in "!#$&'()*+,/:;<>?@[\]^`{|}~"])
Fra:42 Mem:20.31M (Peak 21.39M) | Time:00:01.30 | Syncing CorePillar
Fra:42 Mem:20.35M (Peak 21.39M) | Time:00:01.94 | Syncing Rig_ember-seed
Fra:42 Mem:20.35M (Peak 21.39M) | Time:00:01.94 | Syncing Orbiter_0
Fra:42 Mem:20.37M (Peak 21.39M) | Time:00:01.94 | Syncing Orbiter_1
Fra:42 Mem:20.39M (Peak 21.39M) | Time:00:01.94 | Syncing Orbiter_2
Fra:42 Mem:20.41M (Peak 21.39M) | Time:00:01.94 | Syncing GlowDisc
Fra:42 Mem:20.43M (Peak 21.39M) | Time:00:01.94 | Syncing GiftCam
Fra:42 Mem:20.43M (Peak 21.39M) | Time:00:01.94 | Syncing Area
Fra:42 Mem:20.43M (Peak 21.39M) | Time:00:01.94 | Syncing Area.001
Fra:42 Mem:20.43M (Peak 21.39M) | Time:00:01.94 | Syncing Point
Fra:42 Mem:20.42M (Peak 21.39M) | Time:00:01.94 | Rendering 1 / 8 samples
Fra:42 Mem:20.38M (Peak 21.39M) | Time:00:04.54 | Rendering 8 / 8 samples
Saved: '/workspace/artifacts/gift-library/thumbnails/ember-seed.png'
Time: 00:04.70 (Saving: 00:00.07)

Fra:42 Mem:20.36M (Peak 20.36M) | Time:00:00.02 | Syncing CoreCrystal
Fra:42 Mem:20.36M (Peak 20.36M) | Time:00:00.02 | Syncing Rig_tide-bell
Fra:42 Mem:20.37M (Peak 20.37M) | Time:00:00.02 | Syncing Orbiter_0
Fra:42 Mem:20.39M (Peak 20.39M) | Time:00:00.02 | Syncing Orbiter_1
Fra:42 Mem:20.41M (Peak 20.41M) | Time:00:00.02 | Syncing Orbiter_2
Fra:42 Mem:20.43M (Peak 20.43M) | Time:00:00.02 | Syncing GlowDisc
Fra:42 Mem:20.44M (Peak 20.44M) | Time:00:00.02 | Syncing GiftCam
Fra:42 Mem:20.44M (Peak 20.44M) | Time:00:00.02 | Syncing Area
Fra:42 Mem:20.44M (Peak 20.44M) | Time:00:00.02 | Syncing Area.001
Fra:42 Mem:20.44M (Peak 20.44M) | Time:00:00.02 | Syncing Point
Fra:42 Mem:20.44M (Peak 20.44M) | Time:00:00.02 | Rendering 1 / 8 samples
Fra:42 Mem:20.39M (Peak 20.44M) | Time:00:01.29 | Rendering 8 / 8 samples
Saved: '/workspace/artifacts/gift-library/thumbnails/tide-bell.png'
Time: 00:01.43 (Saving: 00:00.04)

Fra:42 Mem:20.63M (Peak 20.63M) | Time:00:00.01 | Syncing CoreSphere
Fra:42 Mem:20.74M (Peak 20.74M) | Time:00:00.01 | Syncing Rig_frost-quill
Fra:42 Mem:20.75M (Peak 20.75M) | Time:00:00.01 | Syncing Orbiter_0
Fra:42 Mem:20.77M (Peak 20.77M) | Time:00:00.01 | Syncing Orbiter_1
Fra:42 Mem:20.79M (Peak 20.79M) | Time:00:00.02 | Syncing Orbiter_2
Fra:42 Mem:20.80M (Peak 20.80M) | Time:00:00.02 | Syncing GlowDisc
Fra:42 Mem:20.82M (Peak 20.82M) | Time:00:00.02 | Syncing GiftCam
Fra:42 Mem:20.82M (Peak 20.82M) | Time:00:00.02 | Syncing Area
Fra:42 Mem:20.82M (Peak 20.82M) | Time:00:00.02 | Syncing Area.001
Fra:42 Mem:20.82M (Peak 20.82M) | Time:00:00.02 | Syncing Point
Fra:42 Mem:20.82M (Peak 20.82M) | Time:00:00.02 | Rendering 1 / 8 samples
Fra:42 Mem:20.66M (Peak 20.82M) | Time:00:01.49 | Rendering 8 / 8 samples
Saved: '/workspace/artifacts/gift-library/thumbnails/frost-quill.png'
Time: 00:01.65 (Saving: 00:00.05)

Fra:42 Mem:20.56M (Peak 20.56M) | Time:00:00.02 | Syncing CoreTorus
Fra:42 Mem:20.64M (Peak 20.64M) | Time:00:00.02 | Syncing Rig_pulse-coin
Fra:42 Mem:20.65M (Peak 20.65M) | Time:00:00.02 | Syncing Orbiter_0
Fra:42 Mem:20.67M (Peak 20.67M) | Time:00:00.02 | Syncing Orbiter_1
Fra:42 Mem:20.69M (Peak 20.69M) | Time:00:00.02 | Syncing Orbiter_2
Fra:42 Mem:20.71M (Peak 20.71M) | Time:00:00.02 | Syncing GlowDisc
Fra:42 Mem:20.72M (Peak 20.72M) | Time:00:00.02 | Syncing GiftCam
Fra:42 Mem:20.72M (Peak 20.72M) | Time:00:00.02 | Syncing Area
Fra:42 Mem:20.72M (Peak 20.72M) | Time:00:00.02 | Syncing Area.001
Fra:42 Mem:20.72M (Peak 20.72M) | Time:00:00.02 | Syncing Point
Fra:42 Mem:20.72M (Peak 20.72M) | Time:00:00.02 | Rendering 1 / 8 samples
Fra:42 Mem:20.60M (Peak 20.72M) | Time:00:01.47 | Rendering 8 / 8 samples
Saved: '/workspace/artifacts/gift-library/thumbnails/pulse-coin.png'
Time: 00:01.64 (Saving: 00:00.05)

Fra:42 Mem:20.41M (Peak 20.41M) | Time:00:00.02 | Syncing CorePillar
Fra:42 Mem:20.41M (Peak 20.41M) | Time:00:00.02 | Syncing Rig_moss-lantern
Fra:42 Mem:20.42M (Peak 20.42M) | Time:00:00.02 | Syncing Orbiter_0
Fra:42 Mem:20.44M (Peak 20.44M) | Time:00:00.02 | Syncing Orbiter_1
Fra:42 Mem:20.46M (Peak 20.46M) | Time:00:00.02 | Syncing Orbiter_2
Fra:42 Mem:20.48M (Peak 20.48M) | Time:00:00.02 | Syncing GlowDisc
Fra:42 Mem:20.49M (Peak 20.49M) | Time:00:00.02 | Syncing GiftCam
Fra:42 Mem:20.49M (Peak 20.49M) | Time:00:00.02 | Syncing Area
Fra:42 Mem:20.49M (Peak 20.49M) | Time:00:00.02 | Syncing Area.001
Fra:42 Mem:20.49M (Peak 20.49M) | Time:00:00.02 | Syncing Point
Fra:42 Mem:20.49M (Peak 20.49M) | Time:00:00.03 | Rendering 1 / 8 samples
Fra:42 Mem:20.44M (Peak 20.49M) | Time:00:01.35 | Rendering 8 / 8 samples
Saved: '/workspace/artifacts/gift-library/thumbnails/moss-lantern.png'
Time: 00:01.51 (Saving: 00:00.04)

Fra:42 Mem:20.45M (Peak 20.45M) | Time:00:00.02 | Syncing CoreCube
Fra:42 Mem:20.47M (Peak 20.47M) | Time:00:00.02 | Syncing Rig_sky-ribbon
Fra:42 Mem:20.47M (Peak 20.47M) | Time:00:00.02 | Syncing Orbiter_0
Fra:42 Mem:20.49M (Peak 20.49M) | Time:00:00.02 | Syncing Orbiter_1
Fra:42 Mem:20.51M (Peak 20.51M) | Time:00:00.02 | Syncing Orbiter_2
Fra:42 Mem:20.53M (Peak 20.53M) | Time:00:00.02 | Syncing GlowDisc
Fra:42 Mem:20.54M (Peak 20.54M) | Time:00:00.02 | Syncing GiftCam
Fra:42 Mem:20.54M (Peak 20.54M) | Time:00:00.02 | Syncing Area
Fra:42 Mem:20.54M (Peak 20.54M) | Time:00:00.02 | Syncing Area.001
Fra:42 Mem:20.54M (Peak 20.54M) | Time:00:00.02 | Syncing Point
Fra:42 Mem:20.54M (Peak 20.54M) | Time:00:00.03 | Rendering 1 / 8 samples
Fra:42 Mem:20.49M (Peak 20.54M) | Time:00:01.40 | Rendering 8 / 8 samples
Saved: '/workspace/artifacts/gift-library/thumbnails/sky-ribbon.png'
Time: 00:01.56 (Saving: 00:00.04)

Fra:42 Mem:20.47M (Peak 20.47M) | Time:00:00.02 | Syncing CoreCube
Fra:42 Mem:20.48M (Peak 20.48M) | Time:00:00.02 | Syncing Rig_echo-drum
Fra:42 Mem:20.49M (Peak 20.49M) | Time:00:00.02 | Syncing Orbiter_0
Fra:42 Mem:20.51M (Peak 20.51M) | Time:00:00.02 | Syncing Orbiter_1
Fra:42 Mem:20.53M (Peak 20.53M) | Time:00:00.02 | Syncing Orbiter_2
Fra:42 Mem:20.55M (Peak 20.55M) | Time:00:00.02 | Syncing GlowDisc
Fra:42 Mem:20.56M (Peak 20.56M) | Time:00:00.02 | Syncing GiftCam
Fra:42 Mem:20.56M (Peak 20.56M) | Time:00:00.02 | Syncing Area
Fra:42 Mem:20.56M (Peak 20.56M) | Time:00:00.02 | Syncing Area.001
Fra:42 Mem:20.56M (Peak 20.56M) | Time:00:00.02 | Syncing Point
Fra:42 Mem:20.56M (Peak 20.56M) | Time:00:00.03 | Rendering 1 / 8 samples
Fra:42 Mem:20.50M (Peak 20.56M) | Time:00:01.38 | Rendering 8 / 8 samples
Saved: '/workspace/artifacts/gift-library/thumbnails/echo-drum.png'
Time: 00:01.54 (Saving: 00:00.05)

Fra:42 Mem:20.50M (Peak 20.50M) | Time:00:00.02 | Syncing CoreIco
Fra:42 Mem:20.53M (Peak 20.53M) | Time:00:00.02 | Syncing Rig_solar-petal
Fra:42 Mem:20.53M (Peak 20.53M) | Time:00:00.02 | Syncing Orbiter_0
Fra:42 Mem:20.55M (Peak 20.55M) | Time:00:00.02 | Syncing Orbiter_1
Fra:42 Mem:20.57M (Peak 20.57M) | Time:00:00.02 | Syncing Orbiter_2
Fra:42 Mem:20.59M (Peak 20.59M) | Time:00:00.02 | Syncing GlowDisc
Fra:42 Mem:20.61M (Peak 20.61M) | Time:00:00.02 | Syncing GiftCam
Fra:42 Mem:20.61M (Peak 20.61M) | Time:00:00.02 | Syncing Area
Fra:42 Mem:20.61M (Peak 20.61M) | Time:00:00.02 | Syncing Area.001
Fra:42 Mem:20.61M (Peak 20.61M) | Time:00:00.02 | Syncing Point
Fra:42 Mem:20.60M (Peak 20.61M) | Time:00:00.03 | Rendering 1 / 8 samples
Fra:42 Mem:20.54M (Peak 20.61M) | Time:00:01.40 | Rendering 8 / 8 samples
Saved: '/workspace/artifacts/gift-library/thumbnails/solar-petal.png'
Time: 00:01.56 (Saving: 00:00.04)

Fra:42 Mem:20.47M (Peak 20.47M) | Time:00:00.01 | Syncing CorePillar
Fra:42 Mem:20.48M (Peak 20.48M) | Time:00:00.01 | Syncing Rig_quartz-nest
Fra:42 Mem:20.48M (Peak 20.48M) | Time:00:00.01 | Syncing Orbiter_0
Fra:42 Mem:20.50M (Peak 20.50M) | Time:00:00.02 | Syncing Orbiter_1
Fra:42 Mem:20.52M (Peak 20.52M) | Time:00:00.02 | Syncing Orbiter_2
Fra:42 Mem:20.54M (Peak 20.54M) | Time:00:00.02 | Syncing GlowDisc
Fra:42 Mem:20.55M (Peak 20.55M) | Time:00:00.02 | Syncing GiftCam
Fra:42 Mem:20.55M (Peak 20.55M) | Time:00:00.02 | Syncing Area
Fra:42 Mem:20.55M (Peak 20.55M) | Time:00:00.02 | Syncing Area.001
Fra:42 Mem:20.55M (Peak 20.55M) | Time:00:00.02 | Syncing Point
Fra:42 Mem:20.55M (Peak 20.55M) | Time:00:00.02 | Rendering 1 / 8 samples
Fra:42 Mem:20.51M (Peak 20.55M) | Time:00:01.32 | Rendering 8 / 8 samples
Saved: '/workspace/artifacts/gift-library/thumbnails/quartz-nest.png'
Time: 00:01.46 (Saving: 00:00.04)

Fra:42 Mem:20.51M (Peak 20.51M) | Time:00:00.01 | Syncing CoreCube
Fra:42 Mem:20.53M (Peak 20.53M) | Time:00:00.01 | Syncing Rig_comet-marble
Fra:42 Mem:20.53M (Peak 20.53M) | Time:00:00.01 | Syncing Orbiter_0
Fra:42 Mem:20.55M (Peak 20.55M) | Time:00:00.01 | Syncing Orbiter_1
Fra:42 Mem:20.57M (Peak 20.57M) | Time:00:00.01 | Syncing Orbiter_2
Fra:42 Mem:20.59M (Peak 20.59M) | Time:00:00.01 | Syncing GlowDisc
Fra:42 Mem:20.61M (Peak 20.61M) | Time:00:00.01 | Syncing GiftCam
Fra:42 Mem:20.61M (Peak 20.61M) | Time:00:00.01 | Syncing Area
Fra:42 Mem:20.61M (Peak 20.61M) | Time:00:00.01 | Syncing Area.001
Fra:42 Mem:20.61M (Peak 20.61M) | Time:00:00.01 | Syncing Point
Fra:42 Mem:20.60M (Peak 20.61M) | Time:00:00.02 | Rendering 1 / 8 samples
Fra:42 Mem:20.55M (Peak 20.61M) | Time:00:01.34 | Rendering 8 / 8 samples
Saved: '/workspace/artifacts/gift-library/thumbnails/comet-marble.png'
Time: 00:01.51 (Saving: 00:00.05)

Info: Saved "ember-seed.blend"
11:54:50 | ERROR: Draco mesh compression is not available because library could not be found at /usr/bin/4.0/python/lib/python3.12/site-packages/libextern_draco.so
11:54:50 | INFO: Starting glTF 2.0 export
11:54:50 | INFO: Extracting primitive: Sphere
11:54:50 | INFO: Primitives created: 1
11:54:50 | INFO: Extracting primitive: Sphere.001
11:54:50 | INFO: Primitives created: 1
11:54:50 | INFO: Extracting primitive: Sphere.002
11:54:50 | INFO: Primitives created: 1
11:54:50 | INFO: Extracting primitive: Cylinder.001
11:54:50 | INFO: Primitives created: 1
11:54:50 | INFO: Extracting primitive: Cylinder
11:54:50 | INFO: Primitives created: 1
11:54:50 | INFO: Finished glTF 2.0 export in 0.032097578048706055 s

[OK] #001 ember-seed glb=79988B
Info: Saved "tide-bell.blend"
11:54:55 | ERROR: Draco mesh compression is not available because library could not be found at /usr/bin/4.0/python/lib/python3.12/site-packages/libextern_draco.so
11:54:55 | INFO: Starting glTF 2.0 export
11:54:55 | INFO: Extracting primitive: Sphere
11:54:55 | INFO: Primitives created: 1
11:54:55 | INFO: Extracting primitive: Sphere.001
11:54:55 | INFO: Primitives created: 1
11:54:55 | INFO: Extracting primitive: Sphere.002
11:54:55 | INFO: Primitives created: 1
11:54:55 | INFO: Extracting primitive: Cylinder
11:54:55 | INFO: Primitives created: 1
11:54:55 | INFO: Extracting primitive: Cone
11:54:55 | INFO: Primitives created: 1
11:54:55 | INFO: Finished glTF 2.0 export in 0.017748355865478516 s

[OK] #002 tide-bell glb=78104B
Info: Saved "frost-quill.blend"
11:54:56 | ERROR: Draco mesh compression is not available because library could not be found at /usr/bin/4.0/python/lib/python3.12/site-packages/libextern_draco.so
11:54:56 | INFO: Starting glTF 2.0 export
11:54:56 | INFO: Extracting primitive: Sphere.001
11:54:56 | INFO: Primitives created: 1
11:54:56 | INFO: Extracting primitive: Sphere.002
11:54:56 | INFO: Primitives created: 1
11:54:56 | INFO: Extracting primitive: Sphere.003
11:54:56 | INFO: Primitives created: 1
11:54:56 | INFO: Extracting primitive: Cylinder
11:54:56 | INFO: Primitives created: 1
11:54:56 | INFO: Extracting primitive: Sphere
11:54:56 | INFO: Primitives created: 1
11:54:56 | INFO: Finished glTF 2.0 export in 0.03899431228637695 s

[OK] #003 frost-quill glb=234920B
Info: Saved "pulse-coin.blend"
11:54:58 | ERROR: Draco mesh compression is not available because library could not be found at /usr/bin/4.0/python/lib/python3.12/site-packages/libextern_draco.so
11:54:58 | INFO: Starting glTF 2.0 export
11:54:58 | INFO: Extracting primitive: Sphere
11:54:58 | INFO: Primitives created: 1
11:54:58 | INFO: Extracting primitive: Sphere.001
11:54:58 | INFO: Primitives created: 1
11:54:58 | INFO: Extracting primitive: Sphere.002
11:54:58 | INFO: Primitives created: 1
11:54:58 | INFO: Extracting primitive: Cylinder
11:54:58 | INFO: Primitives created: 1
11:54:58 | INFO: Extracting primitive: Torus
11:54:58 | INFO: Primitives created: 1
11:54:58 | INFO: Finished glTF 2.0 export in 0.023386240005493164 s

[OK] #004 pulse-coin glb=184824B
Info: Saved "moss-lantern.blend"
11:55:00 | ERROR: Draco mesh compression is not available because library could not be found at /usr/bin/4.0/python/lib/python3.12/site-packages/libextern_draco.so
11:55:00 | INFO: Starting glTF 2.0 export
11:55:00 | INFO: Extracting primitive: Sphere
11:55:00 | INFO: Primitives created: 1
11:55:00 | INFO: Extracting primitive: Sphere.001
11:55:00 | INFO: Primitives created: 1
11:55:00 | INFO: Extracting primitive: Sphere.002
11:55:00 | INFO: Primitives created: 1
11:55:00 | INFO: Extracting primitive: Cylinder.001
11:55:00 | INFO: Primitives created: 1
11:55:00 | INFO: Extracting primitive: Cylinder
11:55:00 | INFO: Primitives created: 1
11:55:00 | INFO: Finished glTF 2.0 export in 0.018612146377563477 s

[OK] #005 moss-lantern glb=79864B
Info: Saved "sky-ribbon.blend"
11:55:01 | ERROR: Draco mesh compression is not available because library could not be found at /usr/bin/4.0/python/lib/python3.12/site-packages/libextern_draco.so
11:55:01 | INFO: Starting glTF 2.0 export
11:55:01 | INFO: Extracting primitive: Sphere
11:55:01 | INFO: Primitives created: 1
11:55:01 | INFO: Extracting primitive: Sphere.001
11:55:01 | INFO: Primitives created: 1
11:55:01 | INFO: Extracting primitive: Sphere.002
11:55:01 | INFO: Primitives created: 1
11:55:01 | INFO: Extracting primitive: Cylinder
11:55:01 | INFO: Primitives created: 1
11:55:01 | INFO: Extracting primitive: Cube
11:55:01 | INFO: Primitives created: 1
11:55:01 | INFO: Finished glTF 2.0 export in 0.020733356475830078 s

[OK] #006 sky-ribbon glb=90692B
Info: Saved "echo-drum.blend"
11:55:03 | ERROR: Draco mesh compression is not available because library could not be found at /usr/bin/4.0/python/lib/python3.12/site-packages/libextern_draco.so
11:55:03 | INFO: Starting glTF 2.0 export
11:55:03 | INFO: Extracting primitive: Sphere
11:55:03 | INFO: Primitives created: 1
11:55:03 | INFO: Extracting primitive: Sphere.001
11:55:03 | INFO: Primitives created: 1
11:55:03 | INFO: Extracting primitive: Sphere.002
11:55:03 | INFO: Primitives created: 1
11:55:03 | INFO: Extracting primitive: Cylinder
11:55:03 | INFO: Primitives created: 1
11:55:03 | INFO: Extracting primitive: Cube
11:55:03 | INFO: Primitives created: 1
11:55:03 | INFO: Finished glTF 2.0 export in 0.024474382400512695 s

[OK] #007 echo-drum glb=90696B
Info: Saved "solar-petal.blend"
11:55:05 | ERROR: Draco mesh compression is not available because library could not be found at /usr/bin/4.0/python/lib/python3.12/site-packages/libextern_draco.so
11:55:05 | INFO: Starting glTF 2.0 export
11:55:05 | INFO: Extracting primitive: Sphere
11:55:05 | INFO: Primitives created: 1
11:55:05 | INFO: Extracting primitive: Sphere.001
11:55:05 | INFO: Primitives created: 1
11:55:05 | INFO: Extracting primitive: Sphere.002
11:55:05 | INFO: Primitives created: 1
11:55:05 | INFO: Extracting primitive: Cylinder
11:55:05 | INFO: Primitives created: 1
11:55:05 | INFO: Extracting primitive: Icosphere
11:55:05 | INFO: Primitives created: 1
11:55:05 | INFO: Finished glTF 2.0 export in 0.019983768463134766 s

[OK] #008 solar-petal glb=110028B
Info: Saved "quartz-nest.blend"
11:55:06 | ERROR: Draco mesh compression is not available because library could not be found at /usr/bin/4.0/python/lib/python3.12/site-packages/libextern_draco.so
11:55:06 | INFO: Starting glTF 2.0 export
11:55:06 | INFO: Extracting primitive: Sphere
11:55:06 | INFO: Primitives created: 1
11:55:06 | INFO: Extracting primitive: Sphere.001
11:55:06 | INFO: Primitives created: 1
11:55:06 | INFO: Extracting primitive: Sphere.002
11:55:06 | INFO: Primitives created: 1
11:55:06 | INFO: Extracting primitive: Cylinder.001
11:55:06 | INFO: Primitives created: 1
11:55:06 | INFO: Extracting primitive: Cylinder
11:55:06 | INFO: Primitives created: 1
11:55:06 | INFO: Finished glTF 2.0 export in 0.01995849609375 s

[OK] #009 quartz-nest glb=79860B
Info: Saved "comet-marble.blend"
11:55:08 | ERROR: Draco mesh compression is not available because library could not be found at /usr/bin/4.0/python/lib/python3.12/site-packages/libextern_draco.so
11:55:08 | INFO: Starting glTF 2.0 export
11:55:08 | INFO: Extracting primitive: Sphere
11:55:08 | INFO: Primitives created: 1
11:55:08 | INFO: Extracting primitive: Sphere.001
11:55:08 | INFO: Primitives created: 1
11:55:08 | INFO: Extracting primitive: Sphere.002
11:55:08 | INFO: Primitives created: 1
11:55:08 | INFO: Extracting primitive: Cylinder
11:55:08 | INFO: Primitives created: 1
11:55:08 | INFO: Extracting primitive: Cube
11:55:08 | INFO: Primitives created: 1
11:55:08 | INFO: Finished glTF 2.0 export in 0.019307374954223633 s

[OK] #010 comet-marble glb=90708B
Info: Saved "volt-sprout.blend"
11:55:09 | ERROR: Draco mesh compression is not available because library could not be found at /usr/bin/4.0/python/lib/python3.12/site-packages/libextern_draco.so
11:55:09 | INFO: Starting glTF 2.0 export
11:55:09 | INFO: Extracting primitive: Sphere
11:55:09 | INFO: Primitives created: 1
11:55:09 | INFO: Extracting primitive: Sphere.001
11:55:09 | INFO: Primitives created: 1
11:55:09 | INFO: Extracting primitive: Sphere.002Fra:42 Mem:20.50M (Peak 20.50M) | Time:00:00.01 | Syncing CorePillar
Fra:42 Mem:20.51M (Peak 20.51M) | Time:00:00.01 | Syncing Rig_volt-sprout
Fra:42 Mem:20.51M (Peak 20.51M) | Time:00:00.01 | Syncing Orbiter_0
Fra:42 Mem:20.53M (Peak 20.53M) | Time:00:00.01 | Syncing Orbiter_1
Fra:42 Mem:20.55M (Peak 20.55M) | Time:00:00.01 | Syncing Orbiter_2
Fra:42 Mem:20.57M (Peak 20.57M) | Time:00:00.01 | Syncing GlowDisc
Fra:42 Mem:20.59M (Peak 20.59M) | Time:00:00.01 | Syncing GiftCam
Fra:42 Mem:20.59M (Peak 20.59M) | Time:00:00.01 | Syncing Area
Fra:42 Mem:20.59M (Peak 20.59M) | Time:00:00.01 | Syncing Area.001
Fra:42 Mem:20.59M (Peak 20.59M) | Time:00:00.01 | Syncing Point
Fra:42 Mem:20.58M (Peak 20.59M) | Time:00:00.02 | Rendering 1 / 8 samples
Fra:42 Mem:20.54M (Peak 20.59M) | Time:00:01.32 | Rendering 8 / 8 samples
Saved: '/workspace/artifacts/gift-library/thumbnails/volt-sprout.png'
Time: 00:01.46 (Saving: 00:00.04)

Fra:42 Mem:20.69M (Peak 20.69M) | Time:00:00.02 | Syncing CoreTorus
Fra:42 Mem:20.77M (Peak 20.77M) | Time:00:00.02 | Syncing Rig_pearl-orbit
Fra:42 Mem:20.77M (Peak 20.77M) | Time:00:00.02 | Syncing Orbiter_0
Fra:42 Mem:20.79M (Peak 20.79M) | Time:00:00.02 | Syncing Orbiter_1
Fra:42 Mem:20.81M (Peak 20.81M) | Time:00:00.02 | Syncing Orbiter_2
Fra:42 Mem:20.83M (Peak 20.83M) | Time:00:00.02 | Syncing GlowDisc
Fra:42 Mem:20.84M (Peak 20.84M) | Time:00:00.02 | Syncing GiftCam
Fra:42 Mem:20.84M (Peak 20.84M) | Time:00:00.02 | Syncing Area
Fra:42 Mem:20.84M (Peak 20.84M) | Time:00:00.02 | Syncing Area.001
Fra:42 Mem:20.84M (Peak 20.84M) | Time:00:00.02 | Syncing Point
Fra:42 Mem:20.84M (Peak 20.84M) | Time:00:00.03 | Rendering 1 / 8 samples
Fra:42 Mem:20.72M (Peak 20.84M) | Time:00:01.42 | Rendering 8 / 8 samples
Saved: '/workspace/artifacts/gift-library/thumbnails/pearl-orbit.png'
Time: 00:01.58 (Saving: 00:00.04)

Fra:42 Mem:20.78M (Peak 20.78M) | Time:00:00.01 | Syncing CoreSphere
Fra:42 Mem:20.90M (Peak 20.90M) | Time:00:00.01 | Syncing Rig_ash-phoenixling
Fra:42 Mem:20.90M (Peak 20.90M) | Time:00:00.01 | Syncing Orbiter_0
Fra:42 Mem:20.92M (Peak 20.92M) | Time:00:00.01 | Syncing Orbiter_1
Fra:42 Mem:20.94M (Peak 20.94M) | Time:00:00.01 | Syncing Orbiter_2
Fra:42 Mem:20.96M (Peak 20.96M) | Time:00:00.01 | Syncing GlowDisc
Fra:42 Mem:20.97M (Peak 20.97M) | Time:00:00.01 | Syncing GiftCam
Fra:42 Mem:20.97M (Peak 20.97M) | Time:00:00.01 | Syncing Area
Fra:42 Mem:20.97M (Peak 20.97M) | Time:00:00.01 | Syncing Area.001
Fra:42 Mem:20.97M (Peak 20.97M) | Time:00:00.01 | Syncing Point
Fra:42 Mem:20.97M (Peak 20.97M) | Time:00:00.02 | Rendering 1 / 8 samples
Fra:42 Mem:20.82M (Peak 20.97M) | Time:00:01.42 | Rendering 8 / 8 samples
Saved: '/workspace/artifacts/gift-library/thumbnails/ash-phoenixling.png'
Time: 00:01.60 (Saving: 00:00.06)

Fra:42 Mem:20.57M (Peak 20.57M) | Time:00:00.02 | Syncing CoreCube
Fra:42 Mem:20.59M (Peak 20.59M) | Time:00:00.02 | Syncing Rig_glyph-kite
Fra:42 Mem:20.59M (Peak 20.59M) | Time:00:00.02 | Syncing Orbiter_0
Fra:42 Mem:20.61M (Peak 20.61M) | Time:00:00.02 | Syncing Orbiter_1
Fra:42 Mem:20.63M (Peak 20.63M) | Time:00:00.02 | Syncing Orbiter_2
Fra:42 Mem:20.65M (Peak 20.65M) | Time:00:00.02 | Syncing GlowDisc
Fra:42 Mem:20.67M (Peak 20.67M) | Time:00:00.02 | Syncing GiftCam
Fra:42 Mem:20.67M (Peak 20.67M) | Time:00:00.02 | Syncing Area
Fra:42 Mem:20.67M (Peak 20.67M) | Time:00:00.02 | Syncing Area.001
Fra:42 Mem:20.67M (Peak 20.67M) | Time:00:00.02 | Syncing Point
Fra:42 Mem:20.66M (Peak 20.67M) | Time:00:00.03 | Rendering 1 / 8 samples
Fra:42 Mem:20.61M (Peak 20.67M) | Time:00:01.31 | Rendering 8 / 8 samples
Saved: '/workspace/artifacts/gift-library/thumbnails/glyph-kite.png'
Time: 00:01.45 (Saving: 00:00.04)

Fra:42 Mem:20.56M (Peak 20.56M) | Time:00:00.02 | Syncing CorePillar
Fra:42 Mem:20.57M (Peak 20.57M) | Time:00:00.02 | Syncing Rig_honey-nova
Fra:42 Mem:20.57M (Peak 20.57M) | Time:00:00.02 | Syncing Orbiter_0
Fra:42 Mem:20.59M (Peak 20.59M) | Time:00:00.02 | Syncing Orbiter_1
Fra:42 Mem:20.61M (Peak 20.61M) | Time:00:00.02 | Syncing Orbiter_2
Fra:42 Mem:20.63M (Peak 20.63M) | Time:00:00.02 | Syncing GlowDisc
Fra:42 Mem:20.65M (Peak 20.65M) | Time:00:00.02 | Syncing GiftCam
Fra:42 Mem:20.65M (Peak 20.65M) | Time:00:00.02 | Syncing Area
Fra:42 Mem:20.65M (Peak 20.65M) | Time:00:00.02 | Syncing Area.001
Fra:42 Mem:20.65M (Peak 20.65M) | Time:00:00.02 | Syncing Point
Fra:42 Mem:20.64M (Peak 20.65M) | Time:00:00.03 | Rendering 1 / 8 samples
Fra:42 Mem:20.60M (Peak 20.65M) | Time:00:01.44 | Rendering 8 / 8 samples
Saved: '/workspace/artifacts/gift-library/thumbnails/honey-nova.png'
Time: 00:01.60 (Saving: 00:00.05)

Fra:42 Mem:20.58M (Peak 20.58M) | Time:00:00.02 | Syncing CorePillar
Fra:42 Mem:20.59M (Peak 20.59M) | Time:00:00.02 | Syncing Rig_iron-bloom
Fra:42 Mem:20.59M (Peak 20.59M) | Time:00:00.02 | Syncing Orbiter_0
Fra:42 Mem:20.61M (Peak 20.61M) | Time:00:00.02 | Syncing Orbiter_1
Fra:42 Mem:20.63M (Peak 20.63M) | Time:00:00.02 | Syncing Orbiter_2
Fra:42 Mem:20.65M (Peak 20.65M) | Time:00:00.02 | Syncing GlowDisc
Fra:42 Mem:20.66M (Peak 20.66M) | Time:00:00.02 | Syncing GiftCam
Fra:42 Mem:20.66M (Peak 20.66M) | Time:00:00.02 | Syncing Area
Fra:42 Mem:20.66M (Peak 20.66M) | Time:00:00.02 | Syncing Area.001
Fra:42 Mem:20.66M (Peak 20.66M) | Time:00:00.02 | Syncing Point
Fra:42 Mem:20.66M (Peak 20.66M) | Time:00:00.03 | Rendering 1 / 8 samples
Fra:42 Mem:20.62M (Peak 20.66M) | Time:00:01.37 | Rendering 8 / 8 samples
Saved: '/workspace/artifacts/gift-library/thumbnails/iron-bloom.png'
Time: 00:01.53 (Saving: 00:00.06)

Fra:42 Mem:20.84M (Peak 20.84M) | Time:00:00.02 | Syncing CoreSphere
Fra:42 Mem:20.96M (Peak 20.96M) | Time:00:00.02 | Syncing Rig_rain-prism
Fra:42 Mem:20.96M (Peak 20.96M) | Time:00:00.02 | Syncing Orbiter_0
Fra:42 Mem:20.98M (Peak 20.98M) | Time:00:00.02 | Syncing Orbiter_1
Fra:42 Mem:21.00M (Peak 21.00M) | Time:00:00.02 | Syncing Orbiter_2
Fra:42 Mem:21.02M (Peak 21.02M) | Time:00:00.02 | Syncing GlowDisc
Fra:42 Mem:21.04M (Peak 21.04M) | Time:00:00.02 | Syncing GiftCam
Fra:42 Mem:21.04M (Peak 21.04M) | Time:00:00.02 | Syncing Area
Fra:42 Mem:21.04M (Peak 21.04M) | Time:00:00.02 | Syncing Area.001
Fra:42 Mem:21.04M (Peak 21.04M) | Time:00:00.02 | Syncing Point
Fra:42 Mem:21.03M (Peak 21.04M) | Time:00:00.03 | Rendering 1 / 8 samples
Fra:42 Mem:20.88M (Peak 21.04M) | Time:00:01.40 | Rendering 8 / 8 samples
Saved: '/workspace/artifacts/gift-library/thumbnails/rain-prism.png'
Time: 00:01.57 (Saving: 00:00.06)

Fra:42 Mem:20.61M (Peak 20.61M) | Time:00:00.02 | Syncing CoreCrystal
Fra:42 Mem:20.61M (Peak 20.61M) | Time:00:00.02 | Syncing Rig_star-thimble
Fra:42 Mem:20.61M (Peak 20.61M) | Time:00:00.02 | Syncing Orbiter_0
Fra:42 Mem:20.64M (Peak 20.64M) | Time:00:00.02 | Syncing Orbiter_1
Fra:42 Mem:20.65M (Peak 20.65M) | Time:00:00.02 | Syncing Orbiter_2
Fra:42 Mem:20.67M (Peak 20.67M) | Time:00:00.02 | Syncing GlowDisc
Fra:42 Mem:20.69M (Peak 20.69M) | Time:00:00.02 | Syncing GiftCam
Fra:42 Mem:20.69M (Peak 20.69M) | Time:00:00.02 | Syncing Area
Fra:42 Mem:20.69M (Peak 20.69M) | Time:00:00.02 | Syncing Area.001
Fra:42 Mem:20.69M (Peak 20.69M) | Time:00:00.02 | Syncing Point
Fra:42 Mem:20.69M (Peak 20.69M) | Time:00:00.02 | Rendering 1 / 8 samples
Fra:42 Mem:20.64M (Peak 20.69M) | Time:00:01.29 | Rendering 8 / 8 samples
Saved: '/workspace/artifacts/gift-library/thumbnails/star-thimble.png'
Time: 00:01.44 (Saving: 00:00.06)

Fra:42 Mem:20.62M (Peak 20.62M) | Time:00:00.01 | Syncing CorePillar
Fra:42 Mem:20.63M (Peak 20.63M) | Time:00:00.01 | Syncing Rig_wind-chime-gate
Fra:42 Mem:20.63M (Peak 20.63M) | Time:00:00.01 | Syncing Orbiter_0
Fra:42 Mem:20.65M (Peak 20.65M) | Time:00:00.01 | Syncing Orbiter_1
Fra:42 Mem:20.67M (Peak 20.67M) | Time:00:00.01 | Syncing Orbiter_2
Fra:42 Mem:20.69M (Peak 20.69M) | Time:00:00.01 | Syncing GlowDisc
Fra:42 Mem:20.71M (Peak 20.71M) | Time:00:00.01 | Syncing GiftCam
Fra:42 Mem:20.71M (Peak 20.71M) | Time:00:00.01 | Syncing Area
Fra:42 Mem:20.71M (Peak 20.71M) | Time:00:00.01 | Syncing Area.001
Fra:42 Mem:20.71M (Peak 20.71M) | Time:00:00.01 | Syncing Point
Fra:42 Mem:20.70M (Peak 20.71M) | Time:00:00.02 | Rendering 1 / 8 samples
Fra:42 Mem:20.66M (Peak 20.71M) | Time:00:01.25 | Rendering 8 / 8 samples
Saved: '/workspace/artifacts/gift-library/thumbnails/wind-chime-gate.png'
Time: 00:01.39 (Saving: 00:00.04)

Fra:42 Mem:20.66M (Peak 20.66M) | Time:00:00.01 | Syncing CoreCube
Fra:42 Mem:20.68M (Peak 20.68M) | Time:00:00.01 | Syncing Rig_cinder-bookmark
Fra:42 Mem:20.68M (Peak 20.68M) | Time:00:00.01 | Syncing Orbiter_0
Fra:42 Mem:20.71M (Peak 20.71M) | Time:00:00.01 | Syncing Orbiter_1
Fra:42 Mem:20.72M (Peak 20.72M) | Time:00:00.01 | Syncing Orbiter_2
Fra:42 Mem:20.74M (Peak 20.74M) | Time:00:00.01 | Syncing GlowDisc
Fra:42 Mem:20.76M (Peak 20.76M) | Time:00:00.01 | Syncing GiftCam
Fra:42 Mem:20.76M (Peak 20.76M) | Time:00:00.01 | Syncing Area
Fra:42 Mem:20.76M (Peak 20.76M) | Time:00:00.01 | Syncing Area.001
Fra:42 Mem:20.76M (Peak 20.76M) | Time:00:00.01 | Syncing Point
Fra:42 Mem:20.76M (Peak 20.76M) | Time:00:00.02 | Rendering 1 / 8 samples
Fra:42 Mem:20.70M (Peak 20.76M) | Time:00:01.29 | Rendering 8 / 8 samples
Saved: '/workspace/artifacts/gift-library/thumbnails/cinder-bookmark.png'
Time: 00:01.43 (Saving: 00:00.04)


11:55:09 | INFO: Primitives created: 1
11:55:09 | INFO: Extracting primitive: Cylinder.001
11:55:09 | INFO: Primitives created: 1
11:55:09 | INFO: Extracting primitive: Cylinder
11:55:09 | INFO: Primitives created: 1
11:55:09 | INFO: Finished glTF 2.0 export in 0.018271684646606445 s

[OK] #011 volt-sprout glb=80000B
Info: Saved "pearl-orbit.blend"
11:55:11 | ERROR: Draco mesh compression is not available because library could not be found at /usr/bin/4.0/python/lib/python3.12/site-packages/libextern_draco.so
11:55:11 | INFO: Starting glTF 2.0 export
11:55:11 | INFO: Extracting primitive: Sphere
11:55:11 | INFO: Primitives created: 1
11:55:11 | INFO: Extracting primitive: Sphere.001
11:55:11 | INFO: Primitives created: 1
11:55:11 | INFO: Extracting primitive: Sphere.002
11:55:11 | INFO: Primitives created: 1
11:55:11 | INFO: Extracting primitive: Cylinder
11:55:11 | INFO: Primitives created: 1
11:55:11 | INFO: Extracting primitive: Torus
11:55:11 | INFO: Primitives created: 1
11:55:11 | INFO: Finished glTF 2.0 export in 0.02199864387512207 s

[OK] #012 pearl-orbit glb=184828B
Info: Saved "ash-phoenixling.blend"
11:55:12 | ERROR: Draco mesh compression is not available because library could not be found at /usr/bin/4.0/python/lib/python3.12/site-packages/libextern_draco.so
11:55:12 | INFO: Starting glTF 2.0 export
11:55:12 | INFO: Extracting primitive: Sphere.001
11:55:12 | INFO: Primitives created: 1
11:55:12 | INFO: Extracting primitive: Sphere.002
11:55:12 | INFO: Primitives created: 1
11:55:12 | INFO: Extracting primitive: Sphere.003
11:55:12 | INFO: Primitives created: 1
11:55:12 | INFO: Extracting primitive: Cylinder
11:55:12 | INFO: Primitives created: 1
11:55:12 | INFO: Extracting primitive: Sphere
11:55:12 | INFO: Primitives created: 1
11:55:12 | INFO: Finished glTF 2.0 export in 0.023339033126831055 s

[OK] #013 ash-phoenixling glb=235072B
Info: Saved "glyph-kite.blend"
11:55:14 | ERROR: Draco mesh compression is not available because library could not be found at /usr/bin/4.0/python/lib/python3.12/site-packages/libextern_draco.so
11:55:14 | INFO: Starting glTF 2.0 export
11:55:14 | INFO: Extracting primitive: Sphere
11:55:14 | INFO: Primitives created: 1
11:55:14 | INFO: Extracting primitive: Sphere.001
11:55:14 | INFO: Primitives created: 1
11:55:14 | INFO: Extracting primitive: Sphere.002
11:55:14 | INFO: Primitives created: 1
11:55:14 | INFO: Extracting primitive: Cylinder
11:55:14 | INFO: Primitives created: 1
11:55:14 | INFO: Extracting primitive: Cube
11:55:14 | INFO: Primitives created: 1
11:55:14 | INFO: Finished glTF 2.0 export in 0.02065896987915039 s

[OK] #014 glyph-kite glb=90700B
Info: Saved "honey-nova.blend"
11:55:16 | ERROR: Draco mesh compression is not available because library could not be found at /usr/bin/4.0/python/lib/python3.12/site-packages/libextern_draco.so
11:55:16 | INFO: Starting glTF 2.0 export
11:55:16 | INFO: Extracting primitive: Sphere
11:55:16 | INFO: Primitives created: 1
11:55:16 | INFO: Extracting primitive: Sphere.001
11:55:16 | INFO: Primitives created: 1
11:55:16 | INFO: Extracting primitive: Sphere.002
11:55:16 | INFO: Primitives created: 1
11:55:16 | INFO: Extracting primitive: Cylinder.001
11:55:16 | INFO: Primitives created: 1
11:55:16 | INFO: Extracting primitive: Cylinder
11:55:16 | INFO: Primitives created: 1
11:55:16 | INFO: Finished glTF 2.0 export in 0.02008342742919922 s

[OK] #015 honey-nova glb=79992B
Info: Saved "iron-bloom.blend"
11:55:17 | ERROR: Draco mesh compression is not available because library could not be found at /usr/bin/4.0/python/lib/python3.12/site-packages/libextern_draco.so
11:55:17 | INFO: Starting glTF 2.0 export
11:55:17 | INFO: Extracting primitive: Sphere
11:55:17 | INFO: Primitives created: 1
11:55:17 | INFO: Extracting primitive: Sphere.001
11:55:17 | INFO: Primitives created: 1
11:55:17 | INFO: Extracting primitive: Sphere.002
11:55:17 | INFO: Primitives created: 1
11:55:17 | INFO: Extracting primitive: Cylinder.001
11:55:17 | INFO: Primitives created: 1
11:55:17 | INFO: Extracting primitive: Cylinder
11:55:17 | INFO: Primitives created: 1
11:55:17 | INFO: Finished glTF 2.0 export in 0.01990365982055664 s

[OK] #016 iron-bloom glb=79852B
Info: Saved "rain-prism.blend"
11:55:19 | ERROR: Draco mesh compression is not available because library could not be found at /usr/bin/4.0/python/lib/python3.12/site-packages/libextern_draco.so
11:55:19 | INFO: Starting glTF 2.0 export
11:55:19 | INFO: Extracting primitive: Sphere.001
11:55:19 | INFO: Primitives created: 1
11:55:19 | INFO: Extracting primitive: Sphere.002
11:55:19 | INFO: Primitives created: 1
11:55:19 | INFO: Extracting primitive: Sphere.003
11:55:19 | INFO: Primitives created: 1
11:55:19 | INFO: Extracting primitive: Cylinder
11:55:19 | INFO: Primitives created: 1
11:55:19 | INFO: Extracting primitive: Sphere
11:55:19 | INFO: Primitives created: 1
11:55:19 | INFO: Finished glTF 2.0 export in 0.025554418563842773 s

[OK] #017 rain-prism glb=234912B
Info: Saved "star-thimble.blend"
11:55:20 | ERROR: Draco mesh compression is not available because library could not be found at /usr/bin/4.0/python/lib/python3.12/site-packages/libextern_draco.so
11:55:20 | INFO: Starting glTF 2.0 export
11:55:20 | INFO: Extracting primitive: Sphere
11:55:20 | INFO: Primitives created: 1
11:55:20 | INFO: Extracting primitive: Sphere.001
11:55:20 | INFO: Primitives created: 1
11:55:20 | INFO: Extracting primitive: Sphere.002
11:55:20 | INFO: Primitives created: 1
11:55:20 | INFO: Extracting primitive: Cylinder
11:55:20 | INFO: Primitives created: 1
11:55:20 | INFO: Extracting primitive: Cone
11:55:20 | INFO: Primitives created: 1
11:55:20 | INFO: Finished glTF 2.0 export in 0.04295539855957031 s

[OK] #018 star-thimble glb=78120B
Info: Saved "wind-chime-gate.blend"
11:55:22 | ERROR: Draco mesh compression is not available because library could not be found at /usr/bin/4.0/python/lib/python3.12/site-packages/libextern_draco.so
11:55:22 | INFO: Starting glTF 2.0 export
11:55:22 | INFO: Extracting primitive: Sphere
11:55:22 | INFO: Primitives created: 1
11:55:22 | INFO: Extracting primitive: Sphere.001
11:55:22 | INFO: Primitives created: 1
11:55:22 | INFO: Extracting primitive: Sphere.002
11:55:22 | INFO: Primitives created: 1
11:55:22 | INFO: Extracting primitive: Cylinder.001
11:55:22 | INFO: Primitives created: 1
11:55:22 | INFO: Extracting primitive: Cylinder
11:55:22 | INFO: Primitives created: 1
11:55:22 | INFO: Finished glTF 2.0 export in 0.018034696578979492 s

[OK] #019 wind-chime-gate glb=79880B
Info: Saved "cinder-bookmark.blend"
11:55:23 | ERROR: Draco mesh compression is not available because library could not be found at /usr/bin/4.0/python/lib/python3.12/site-packages/libextern_draco.so
11:55:23 | INFO: Starting glTF 2.0 export
11:55:23 | INFO: Extracting primitive: Sphere
11:55:23 | INFO: Primitives created: 1
11:55:23 | INFO: Extracting primitive: Sphere.001
11:55:23 | INFO: Primitives created: 1
11:55:23 | INFO: Extracting primitive: Sphere.002
11:55:23 | INFO: Primitives created: 1
11:55:23 | INFO: Extracting primitive: Cylinder
11:55:23 | INFO: Primitives created: 1
11:55:23 | INFO: Extracting primitive: Cube
11:55:23 | INFO: Primitives created: 1
11:55:23 | INFO: Finished glTF 2.0 export in 0.019241809844970703 s

[OK] #020 cinder-bookmark glb=90860B
Info: Saved "nebula-loom.blend"
11:55:25 | ERROR: Draco mesh compression is not available because library could not be found at /usr/bin/4.0/python/lib/python3.12/site-packages/libextern_draco.so
11:55:25 | INFO: Starting glTF 2.0 export
11:55:25 | INFO: Extracting primitive: Sphere
11:55:25 | INFO: Primitives created: 1
11:55:25 | INFO: Extracting primitive: Sphere.001
11:55:25 | INFO: Primitives created: 1
11:55:25 | INFO: Extracting primitive: Sphere.002
11:55:25 | INFO: Primitives created: 1
11:55:25 | INFO: Extracting primitive: Sphere.003
11:55:25 | INFO: Primitives created: 1
11:55:25 | INFO: Extracting primitive: Sphere.004
11:55:25 | INFO: Primitives created: 1
11:55:25 | INFO: Extracting primitive: Cylinder
11:55:25 | INFO: Primitives created: 1
11:55:25 | INFO: Extracting primitive: Torus
11:55:25 | INFO: Primitives created: 1
11:55:25 | INFO: Finished glTF 2.0 export in 0.03245711326599121 sFra:60 Mem:21.03M (Peak 21.03M) | Time:00:00.01 | Syncing CoreTorus
Fra:60 Mem:21.11M (Peak 21.11M) | Time:00:00.01 | Syncing Rig_nebula-loom
Fra:60 Mem:21.12M (Peak 21.12M) | Time:00:00.01 | Syncing Orbiter_0
Fra:60 Mem:21.14M (Peak 21.14M) | Time:00:00.01 | Syncing Orbiter_1
Fra:60 Mem:21.16M (Peak 21.16M) | Time:00:00.01 | Syncing Orbiter_2
Fra:60 Mem:21.18M (Peak 21.18M) | Time:00:00.01 | Syncing Orbiter_3
Fra:60 Mem:21.19M (Peak 21.19M) | Time:00:00.01 | Syncing Orbiter_4
Fra:60 Mem:21.21M (Peak 21.21M) | Time:00:00.01 | Syncing GlowDisc
Fra:60 Mem:21.23M (Peak 21.23M) | Time:00:00.01 | Syncing GiftCam
Fra:60 Mem:21.23M (Peak 21.23M) | Time:00:00.01 | Syncing Area
Fra:60 Mem:21.23M (Peak 21.23M) | Time:00:00.01 | Syncing Area.001
Fra:60 Mem:21.23M (Peak 21.23M) | Time:00:00.01 | Syncing Point
Fra:60 Mem:21.22M (Peak 21.23M) | Time:00:00.02 | Rendering 1 / 8 samples
Fra:60 Mem:21.08M (Peak 21.23M) | Time:00:01.31 | Rendering 8 / 8 samples
Saved: '/workspace/artifacts/gift-library/thumbnails/nebula-loom.png'
Time: 00:01.48 (Saving: 00:00.06)

Fra:60 Mem:21.05M (Peak 21.05M) | Time:00:00.01 | Syncing CoreTorus
Fra:60 Mem:21.13M (Peak 21.13M) | Time:00:00.01 | Syncing Rig_leviathan-scale
Fra:60 Mem:21.14M (Peak 21.14M) | Time:00:00.01 | Syncing Orbiter_0
Fra:60 Mem:21.16M (Peak 21.16M) | Time:00:00.01 | Syncing Orbiter_1
Fra:60 Mem:21.18M (Peak 21.18M) | Time:00:00.01 | Syncing Orbiter_2
Fra:60 Mem:21.20M (Peak 21.20M) | Time:00:00.01 | Syncing Orbiter_3
Fra:60 Mem:21.22M (Peak 21.22M) | Time:00:00.01 | Syncing Orbiter_4
Fra:60 Mem:21.24M (Peak 21.24M) | Time:00:00.01 | Syncing GlowDisc
Fra:60 Mem:21.25M (Peak 21.25M) | Time:00:00.01 | Syncing GiftCam
Fra:60 Mem:21.25M (Peak 21.25M) | Time:00:00.01 | Syncing Area
Fra:60 Mem:21.25M (Peak 21.25M) | Time:00:00.01 | Syncing Area.001
Fra:60 Mem:21.25M (Peak 21.25M) | Time:00:00.01 | Syncing Point
Fra:60 Mem:21.25M (Peak 21.25M) | Time:00:00.02 | Rendering 1 / 8 samples
Fra:60 Mem:21.10M (Peak 21.25M) | Time:00:01.34 | Rendering 8 / 8 samples
Saved: '/workspace/artifacts/gift-library/thumbnails/leviathan-scale.png'
Time: 00:01.50 (Saving: 00:00.04)

Fra:60 Mem:20.90M (Peak 20.90M) | Time:00:00.01 | Syncing CoreCrystal
Fra:60 Mem:20.90M (Peak 20.90M) | Time:00:00.01 | Syncing Rig_obsidian-choir
Fra:60 Mem:20.91M (Peak 20.91M) | Time:00:00.01 | Syncing Orbiter_0
Fra:60 Mem:20.93M (Peak 20.93M) | Time:00:00.01 | Syncing Orbiter_1
Fra:60 Mem:20.95M (Peak 20.95M) | Time:00:00.01 | Syncing Orbiter_2
Fra:60 Mem:20.97M (Peak 20.97M) | Time:00:00.01 | Syncing Orbiter_3
Fra:60 Mem:20.98M (Peak 20.98M) | Time:00:00.01 | Syncing Orbiter_4
Fra:60 Mem:21.00M (Peak 21.00M) | Time:00:00.01 | Syncing GlowDisc
Fra:60 Mem:21.02M (Peak 21.02M) | Time:00:00.01 | Syncing GiftCam
Fra:60 Mem:21.02M (Peak 21.02M) | Time:00:00.01 | Syncing Area
Fra:60 Mem:21.02M (Peak 21.02M) | Time:00:00.01 | Syncing Area.001
Fra:60 Mem:21.02M (Peak 21.02M) | Time:00:00.01 | Syncing Point
Fra:60 Mem:21.01M (Peak 21.02M) | Time:00:00.02 | Rendering 1 / 8 samples
Fra:60 Mem:20.95M (Peak 21.02M) | Time:00:01.29 | Rendering 8 / 8 samples
Saved: '/workspace/artifacts/gift-library/thumbnails/obsidian-choir.png'
Time: 00:01.43 (Saving: 00:00.05)

Fra:60 Mem:20.94M (Peak 20.94M) | Time:00:00.01 | Syncing CoreCube
Fra:60 Mem:20.96M (Peak 20.96M) | Time:00:00.01 | Syncing Rig_clockwork-aurora
Fra:60 Mem:20.96M (Peak 20.96M) | Time:00:00.01 | Syncing Orbiter_0
Fra:60 Mem:20.98M (Peak 20.98M) | Time:00:00.01 | Syncing Orbiter_1
Fra:60 Mem:21.00M (Peak 21.00M) | Time:00:00.01 | Syncing Orbiter_2
Fra:60 Mem:21.02M (Peak 21.02M) | Time:00:00.01 | Syncing Orbiter_3
Fra:60 Mem:21.04M (Peak 21.04M) | Time:00:00.01 | Syncing Orbiter_4
Fra:60 Mem:21.06M (Peak 21.06M) | Time:00:00.01 | Syncing GlowDisc
Fra:60 Mem:21.07M (Peak 21.07M) | Time:00:00.01 | Syncing GiftCam
Fra:60 Mem:21.07M (Peak 21.07M) | Time:00:00.01 | Syncing Area
Fra:60 Mem:21.07M (Peak 21.07M) | Time:00:00.01 | Syncing Area.001
Fra:60 Mem:21.07M (Peak 21.07M) | Time:00:00.01 | Syncing Point
Fra:60 Mem:21.07M (Peak 21.07M) | Time:00:00.02 | Rendering 1 / 8 samples
Fra:60 Mem:20.99M (Peak 21.07M) | Time:00:01.31 | Rendering 8 / 8 samples
Saved: '/workspace/artifacts/gift-library/thumbnails/clockwork-aurora.png'
Time: 00:01.45 (Saving: 00:00.04)

Fra:60 Mem:20.93M (Peak 20.93M) | Time:00:00.02 | Syncing CoreCrystal
Fra:60 Mem:20.93M (Peak 20.93M) | Time:00:00.02 | Syncing Rig_storm-quillstorm
Fra:60 Mem:20.94M (Peak 20.94M) | Time:00:00.02 | Syncing Orbiter_0
Fra:60 Mem:20.96M (Peak 20.96M) | Time:00:00.02 | Syncing Orbiter_1
Fra:60 Mem:20.98M (Peak 20.98M) | Time:00:00.02 | Syncing Orbiter_2
Fra:60 Mem:21.00M (Peak 21.00M) | Time:00:00.02 | Syncing Orbiter_3
Fra:60 Mem:21.01M (Peak 21.01M) | Time:00:00.02 | Syncing Orbiter_4
Fra:60 Mem:21.03M (Peak 21.03M) | Time:00:00.02 | Syncing GlowDisc
Fra:60 Mem:21.05M (Peak 21.05M) | Time:00:00.02 | Syncing GiftCam
Fra:60 Mem:21.05M (Peak 21.05M) | Time:00:00.02 | Syncing Area
Fra:60 Mem:21.05M (Peak 21.05M) | Time:00:00.02 | Syncing Area.001
Fra:60 Mem:21.05M (Peak 21.05M) | Time:00:00.02 | Syncing Point
Fra:60 Mem:21.05M (Peak 21.05M) | Time:00:00.03 | Rendering 1 / 8 samples
Fra:60 Mem:20.98M (Peak 21.05M) | Time:00:01.28 | Rendering 8 / 8 samples
Saved: '/workspace/artifacts/gift-library/thumbnails/storm-quillstorm.png'
Time: 00:01.43 (Saving: 00:00.04)

Fra:60 Mem:21.19M (Peak 21.19M) | Time:00:00.02 | Syncing CoreSphere
Fra:60 Mem:21.31M (Peak 21.31M) | Time:00:00.02 | Syncing Rig_crystal-behemoth-cub
Fra:60 Mem:21.32M (Peak 21.32M) | Time:00:00.02 | Syncing Orbiter_0
Fra:60 Mem:21.34M (Peak 21.34M) | Time:00:00.02 | Syncing Orbiter_1
Fra:60 Mem:21.35M (Peak 21.35M) | Time:00:00.02 | Syncing Orbiter_2
Fra:60 Mem:21.37M (Peak 21.37M) | Time:00:00.02 | Syncing Orbiter_3
Fra:60 Mem:21.39M (Peak 21.39M) | Time:00:00.02 | Syncing Orbiter_4
Fra:60 Mem:21.41M (Peak 21.41M) | Time:00:00.02 | Syncing GlowDisc
Fra:60 Mem:21.43M (Peak 21.43M) | Time:00:00.02 | Syncing GiftCam
Fra:60 Mem:21.43M (Peak 21.43M) | Time:00:00.02 | Syncing Area
Fra:60 Mem:21.43M (Peak 21.43M) | Time:00:00.02 | Syncing Area.001
Fra:60 Mem:21.43M (Peak 21.43M) | Time:00:00.02 | Syncing Point
Fra:60 Mem:21.42M (Peak 21.43M) | Time:00:00.02 | Rendering 1 / 8 samples
Fra:60 Mem:21.24M (Peak 21.43M) | Time:00:01.36 | Rendering 8 / 8 samples
Saved: '/workspace/artifacts/gift-library/thumbnails/crystal-behemoth-cub.png'
Time: 00:01.51 (Saving: 00:00.04)

Fra:60 Mem:21.01M (Peak 21.01M) | Time:00:00.01 | Syncing CoreIco
Fra:60 Mem:21.03M (Peak 21.03M) | Time:00:00.01 | Syncing Rig_void-orchid
Fra:60 Mem:21.04M (Peak 21.04M) | Time:00:00.01 | Syncing Orbiter_0
Fra:60 Mem:21.06M (Peak 21.06M) | Time:00:00.01 | Syncing Orbiter_1
Fra:60 Mem:21.08M (Peak 21.08M) | Time:00:00.01 | Syncing Orbiter_2
Fra:60 Mem:21.10M (Peak 21.10M) | Time:00:00.01 | Syncing Orbiter_3
Fra:60 Mem:21.12M (Peak 21.12M) | Time:00:00.01 | Syncing Orbiter_4
Fra:60 Mem:21.13M (Peak 21.13M) | Time:00:00.01 | Syncing GlowDisc
Fra:60 Mem:21.15M (Peak 21.15M) | Time:00:00.01 | Syncing GiftCam
Fra:60 Mem:21.15M (Peak 21.15M) | Time:00:00.01 | Syncing Area
Fra:60 Mem:21.15M (Peak 21.15M) | Time:00:00.01 | Syncing Area.001
Fra:60 Mem:21.15M (Peak 21.15M) | Time:00:00.01 | Syncing Point
Fra:60 Mem:21.15M (Peak 21.15M) | Time:00:00.02 | Rendering 1 / 8 samples
Fra:60 Mem:21.06M (Peak 21.15M) | Time:00:01.29 | Rendering 8 / 8 samples
Saved: '/workspace/artifacts/gift-library/thumbnails/void-orchid.png'
Time: 00:01.44 (Saving: 00:00.04)

Fra:60 Mem:21.02M (Peak 21.02M) | Time:00:00.01 | Syncing CoreIco
Fra:60 Mem:21.05M (Peak 21.05M) | Time:00:00.01 | Syncing Rig_forge-heart
Fra:60 Mem:21.05M (Peak 21.05M) | Time:00:00.01 | Syncing Orbiter_0
Fra:60 Mem:21.07M (Peak 21.07M) | Time:00:00.01 | Syncing Orbiter_1
Fra:60 Mem:21.09M (Peak 21.09M) | Time:00:00.01 | Syncing Orbiter_2
Fra:60 Mem:21.11M (Peak 21.11M) | Time:00:00.01 | Syncing Orbiter_3
Fra:60 Mem:21.13M (Peak 21.13M) | Time:00:00.01 | Syncing Orbiter_4
Fra:60 Mem:21.15M (Peak 21.15M) | Time:00:00.01 | Syncing GlowDisc
Fra:60 Mem:21.16M (Peak 21.16M) | Time:00:00.02 | Syncing GiftCam
Fra:60 Mem:21.16M (Peak 21.16M) | Time:00:00.02 | Syncing Area
Fra:60 Mem:21.16M (Peak 21.16M) | Time:00:00.02 | Syncing Area.001
Fra:60 Mem:21.16M (Peak 21.16M) | Time:00:00.02 | Syncing Point
Fra:60 Mem:21.16M (Peak 21.16M) | Time:00:00.02 | Rendering 1 / 8 samples
Fra:60 Mem:21.07M (Peak 21.16M) | Time:00:01.35 | Rendering 8 / 8 samples
Saved: '/workspace/artifacts/gift-library/thumbnails/forge-heart.png'
Time: 00:01.50 (Saving: 00:00.05)

Fra:60 Mem:21.16M (Peak 21.16M) | Time:00:00.01 | Syncing CoreTorus
Fra:60 Mem:21.24M (Peak 21.24M) | Time:00:00.01 | Syncing Rig_mirror-tide
Fra:60 Mem:21.25M (Peak 21.25M) | Time:00:00.01 | Syncing Orbiter_0
Fra:60 Mem:21.27M (Peak 21.27M) | Time:00:00.01 | Syncing Orbiter_1
Fra:60 Mem:21.29M (Peak 21.29M) | Time:00:00.01 | Syncing Orbiter_2
Fra:60 Mem:21.30M (Peak 21.30M) | Time:00:00.01 | Syncing Orbiter_3
Fra:60 Mem:21.32M (Peak 21.32M) | Time:00:00.01 | Syncing Orbiter_4
Fra:60 Mem:21.34M (Peak 21.34M) | Time:00:00.01 | Syncing GlowDisc
Fra:60 Mem:21.36M (Peak 21.36M) | Time:00:00.01 | Syncing GiftCam
Fra:60 Mem:21.36M (Peak 21.36M) | Time:00:00.01 | Syncing Area
Fra:60 Mem:21.36M (Peak 21.36M) | Time:00:00.01 | Syncing Area.001
Fra:60 Mem:21.36M (Peak 21.36M) | Time:00:00.01 | Syncing Point
Fra:60 Mem:21.35M (Peak 21.36M) | Time:00:00.02 | Rendering 1 / 8 samples
Fra:60 Mem:21.21M (Peak 21.36M) | Time:00:01.35 | Rendering 8 / 8 samples
Saved: '/workspace/artifacts/gift-library/thumbnails/mirror-tide.png'
Time: 00:01.51 (Saving: 00:00.05)



[OK] #021 nebula-loom glb=225888B
Info: Saved "leviathan-scale.blend"
11:55:26 | ERROR: Draco mesh compression is not available because library could not be found at /usr/bin/4.0/python/lib/python3.12/site-packages/libextern_draco.so
11:55:26 | INFO: Starting glTF 2.0 export
11:55:26 | INFO: Extracting primitive: Sphere
11:55:26 | INFO: Primitives created: 1
11:55:26 | INFO: Extracting primitive: Sphere.001
11:55:26 | INFO: Primitives created: 1
11:55:26 | INFO: Extracting primitive: Sphere.002
11:55:26 | INFO: Primitives created: 1
11:55:26 | INFO: Extracting primitive: Sphere.003
11:55:26 | INFO: Primitives created: 1
11:55:26 | INFO: Extracting primitive: Sphere.004
11:55:26 | INFO: Primitives created: 1
11:55:26 | INFO: Extracting primitive: Cylinder
11:55:26 | INFO: Primitives created: 1
11:55:26 | INFO: Extracting primitive: Torus
11:55:26 | INFO: Primitives created: 1
11:55:26 | INFO: Finished glTF 2.0 export in 0.03220844268798828 s

[OK] #022 leviathan-scale glb=225912B
Info: Saved "obsidian-choir.blend"
11:55:28 | ERROR: Draco mesh compression is not available because library could not be found at /usr/bin/4.0/python/lib/python3.12/site-packages/libextern_draco.so
11:55:28 | INFO: Starting glTF 2.0 export
11:55:28 | INFO: Extracting primitive: Sphere
11:55:28 | INFO: Primitives created: 1
11:55:28 | INFO: Extracting primitive: Sphere.001
11:55:28 | INFO: Primitives created: 1
11:55:28 | INFO: Extracting primitive: Sphere.002
11:55:28 | INFO: Primitives created: 1
11:55:28 | INFO: Extracting primitive: Sphere.003
11:55:28 | INFO: Primitives created: 1
11:55:28 | INFO: Extracting primitive: Sphere.004
11:55:28 | INFO: Primitives created: 1
11:55:28 | INFO: Extracting primitive: Cylinder
11:55:28 | INFO: Primitives created: 1
11:55:28 | INFO: Extracting primitive: Cone
11:55:28 | INFO: Primitives created: 1
11:55:28 | INFO: Finished glTF 2.0 export in 0.03092813491821289 s

[OK] #023 obsidian-choir glb=119196B
Info: Saved "clockwork-aurora.blend"
11:55:29 | ERROR: Draco mesh compression is not available because library could not be found at /usr/bin/4.0/python/lib/python3.12/site-packages/libextern_draco.so
11:55:29 | INFO: Starting glTF 2.0 export
11:55:29 | INFO: Extracting primitive: Sphere
11:55:29 | INFO: Primitives created: 1
11:55:29 | INFO: Extracting primitive: Sphere.001
11:55:29 | INFO: Primitives created: 1
11:55:29 | INFO: Extracting primitive: Sphere.002
11:55:29 | INFO: Primitives created: 1
11:55:29 | INFO: Extracting primitive: Sphere.003
11:55:29 | INFO: Primitives created: 1
11:55:29 | INFO: Extracting primitive: Sphere.004
11:55:29 | INFO: Primitives created: 1
11:55:29 | INFO: Extracting primitive: Cylinder
11:55:29 | INFO: Primitives created: 1
11:55:29 | INFO: Extracting primitive: Cube
11:55:29 | INFO: Primitives created: 1
11:55:29 | INFO: Finished glTF 2.0 export in 0.030493736267089844 s

[OK] #024 clockwork-aurora glb=131796B
Info: Saved "storm-quillstorm.blend"
11:55:31 | ERROR: Draco mesh compression is not available because library could not be found at /usr/bin/4.0/python/lib/python3.12/site-packages/libextern_draco.so
11:55:31 | INFO: Starting glTF 2.0 export
11:55:31 | INFO: Extracting primitive: Sphere
11:55:31 | INFO: Primitives created: 1
11:55:31 | INFO: Extracting primitive: Sphere.001
11:55:31 | INFO: Primitives created: 1
11:55:31 | INFO: Extracting primitive: Sphere.002
11:55:31 | INFO: Primitives created: 1
11:55:31 | INFO: Extracting primitive: Sphere.003
11:55:31 | INFO: Primitives created: 1
11:55:31 | INFO: Extracting primitive: Sphere.004
11:55:31 | INFO: Primitives created: 1
11:55:31 | INFO: Extracting primitive: Cylinder
11:55:31 | INFO: Primitives created: 1
11:55:31 | INFO: Extracting primitive: Cone
11:55:31 | INFO: Primitives created: 1
11:55:31 | INFO: Finished glTF 2.0 export in 0.02955007553100586 s

[OK] #025 storm-quillstorm glb=119344B
Info: Saved "crystal-behemoth-cub.blend"
11:55:32 | ERROR: Draco mesh compression is not available because library could not be found at /usr/bin/4.0/python/lib/python3.12/site-packages/libextern_draco.so
11:55:32 | INFO: Starting glTF 2.0 export
11:55:32 | INFO: Extracting primitive: Sphere.001
11:55:32 | INFO: Primitives created: 1
11:55:32 | INFO: Extracting primitive: Sphere.002
11:55:32 | INFO: Primitives created: 1
11:55:32 | INFO: Extracting primitive: Sphere.003
11:55:32 | INFO: Primitives created: 1
11:55:32 | INFO: Extracting primitive: Sphere.004
11:55:32 | INFO: Primitives created: 1
11:55:32 | INFO: Extracting primitive: Sphere.005
11:55:32 | INFO: Primitives created: 1
11:55:32 | INFO: Extracting primitive: Cylinder
11:55:32 | INFO: Primitives created: 1
11:55:32 | INFO: Extracting primitive: Sphere
11:55:32 | INFO: Primitives created: 1
11:55:32 | INFO: Finished glTF 2.0 export in 0.03473019599914551 s

[OK] #026 crystal-behemoth-cub glb=276020B
Info: Saved "void-orchid.blend"
11:55:34 | ERROR: Draco mesh compression is not available because library could not be found at /usr/bin/4.0/python/lib/python3.12/site-packages/libextern_draco.so
11:55:34 | INFO: Starting glTF 2.0 export
11:55:34 | INFO: Extracting primitive: Sphere
11:55:34 | INFO: Primitives created: 1
11:55:34 | INFO: Extracting primitive: Sphere.001
11:55:34 | INFO: Primitives created: 1
11:55:34 | INFO: Extracting primitive: Sphere.002
11:55:34 | INFO: Primitives created: 1
11:55:34 | INFO: Extracting primitive: Sphere.003
11:55:34 | INFO: Primitives created: 1
11:55:34 | INFO: Extracting primitive: Sphere.004
11:55:34 | INFO: Primitives created: 1
11:55:34 | INFO: Extracting primitive: Cylinder
11:55:34 | INFO: Primitives created: 1
11:55:34 | INFO: Extracting primitive: Icosphere
11:55:34 | INFO: Primitives created: 1
11:55:34 | INFO: Finished glTF 2.0 export in 0.034963130950927734 s

[OK] #027 void-orchid glb=150960B
Info: Saved "forge-heart.blend"
11:55:35 | ERROR: Draco mesh compression is not available because library could not be found at /usr/bin/4.0/python/lib/python3.12/site-packages/libextern_draco.so
11:55:35 | INFO: Starting glTF 2.0 export
11:55:35 | INFO: Extracting primitive: Sphere
11:55:35 | INFO: Primitives created: 1
11:55:35 | INFO: Extracting primitive: Sphere.001
11:55:35 | INFO: Primitives created: 1
11:55:35 | INFO: Extracting primitive: Sphere.002
11:55:35 | INFO: Primitives created: 1
11:55:35 | INFO: Extracting primitive: Sphere.003
11:55:35 | INFO: Primitives created: 1
11:55:35 | INFO: Extracting primitive: Sphere.004
11:55:35 | INFO: Primitives created: 1
11:55:35 | INFO: Extracting primitive: Cylinder
11:55:35 | INFO: Primitives created: 1
11:55:35 | INFO: Extracting primitive: Icosphere
11:55:35 | INFO: Primitives created: 1
11:55:35 | INFO: Finished glTF 2.0 export in 0.05187821388244629 s

[OK] #028 forge-heart glb=151100B
Info: Saved "mirror-tide.blend"
11:55:37 | ERROR: Draco mesh compression is not available because library could not be found at /usr/bin/4.0/python/lib/python3.12/site-packages/libextern_draco.so
11:55:37 | INFO: Starting glTF 2.0 export
11:55:37 | INFO: Extracting primitive: Sphere
11:55:37 | INFO: Primitives created: 1
11:55:37 | INFO: Extracting primitive: Sphere.001
11:55:37 | INFO: Primitives created: 1
11:55:37 | INFO: Extracting primitive: Sphere.002
11:55:37 | INFO: Primitives created: 1
11:55:37 | INFO: Extracting primitive: Sphere.003
11:55:37 | INFO: Primitives created: 1
11:55:37 | INFO: Extracting primitive: Sphere.004
11:55:37 | INFO: Primitives created: 1
11:55:37 | INFO: Extracting primitive: Cylinder
11:55:37 | INFO: Primitives created: 1
11:55:37 | INFO: Extracting primitive: Torus
11:55:37 | INFO: Primitives created: 1
11:55:37 | INFO: Finished glTF 2.0 export in 0.03244304656982422 s

[OK] #029 mirror-tide glb=225892B
Info: Saved "rune-avalanche.blend"
11:55:39 | ERROR: Draco mesh compression is not available because library could not be found at /usr/bin/4.0/python/lib/python3.12/site-packages/libextern_draco.so
11:55:39 | INFO: Starting glTF 2.0 export
11:55:39 | INFO: Extracting primitive: Sphere
11:55:39 | INFO: Primitives created: 1
11:55:39 | INFO: Extracting primitive: Sphere.001
11:55:39 | INFO: Primitives created: 1
11:55:39 | INFO: Extracting primitive: Sphere.002
11:55:39 | INFO: Primitives created: 1Fra:60 Mem:21.01M (Peak 21.01M) | Time:00:00.02 | Syncing CorePillar
Fra:60 Mem:21.01M (Peak 21.01M) | Time:00:00.02 | Syncing Rig_rune-avalanche
Fra:60 Mem:21.02M (Peak 21.02M) | Time:00:00.02 | Syncing Orbiter_0
Fra:60 Mem:21.04M (Peak 21.04M) | Time:00:00.02 | Syncing Orbiter_1
Fra:60 Mem:21.06M (Peak 21.06M) | Time:00:00.02 | Syncing Orbiter_2
Fra:60 Mem:21.08M (Peak 21.08M) | Time:00:00.02 | Syncing Orbiter_3
Fra:60 Mem:21.10M (Peak 21.10M) | Time:00:00.02 | Syncing Orbiter_4
Fra:60 Mem:21.11M (Peak 21.11M) | Time:00:00.02 | Syncing GlowDisc
Fra:60 Mem:21.13M (Peak 21.13M) | Time:00:00.02 | Syncing GiftCam
Fra:60 Mem:21.13M (Peak 21.13M) | Time:00:00.02 | Syncing Area
Fra:60 Mem:21.13M (Peak 21.13M) | Time:00:00.02 | Syncing Area.001
Fra:60 Mem:21.13M (Peak 21.13M) | Time:00:00.02 | Syncing Point
Fra:60 Mem:21.13M (Peak 21.13M) | Time:00:00.02 | Rendering 1 / 8 samples
Fra:60 Mem:21.06M (Peak 21.13M) | Time:00:01.30 | Rendering 8 / 8 samples
Saved: '/workspace/artifacts/gift-library/thumbnails/rune-avalanche.png'
Time: 00:01.45 (Saving: 00:00.05)

Fra:60 Mem:21.05M (Peak 21.05M) | Time:00:00.02 | Syncing CoreCube
Fra:60 Mem:21.06M (Peak 21.06M) | Time:00:00.02 | Syncing Rig_photon-dancer
Fra:60 Mem:21.07M (Peak 21.07M) | Time:00:00.02 | Syncing Orbiter_0
Fra:60 Mem:21.09M (Peak 21.09M) | Time:00:00.02 | Syncing Orbiter_1
Fra:60 Mem:21.11M (Peak 21.11M) | Time:00:00.02 | Syncing Orbiter_2
Fra:60 Mem:21.13M (Peak 21.13M) | Time:00:00.02 | Syncing Orbiter_3
Fra:60 Mem:21.15M (Peak 21.15M) | Time:00:00.02 | Syncing Orbiter_4
Fra:60 Mem:21.17M (Peak 21.17M) | Time:00:00.02 | Syncing GlowDisc
Fra:60 Mem:21.18M (Peak 21.18M) | Time:00:00.02 | Syncing GiftCam
Fra:60 Mem:21.18M (Peak 21.18M) | Time:00:00.02 | Syncing Area
Fra:60 Mem:21.18M (Peak 21.18M) | Time:00:00.02 | Syncing Area.001
Fra:60 Mem:21.18M (Peak 21.18M) | Time:00:00.02 | Syncing Point
Fra:60 Mem:21.18M (Peak 21.18M) | Time:00:00.02 | Rendering 1 / 8 samples
Fra:60 Mem:21.10M (Peak 21.18M) | Time:00:01.28 | Rendering 8 / 8 samples
Saved: '/workspace/artifacts/gift-library/thumbnails/photon-dancer.png'
Time: 00:01.42 (Saving: 00:00.04)

Fra:60 Mem:21.04M (Peak 21.04M) | Time:00:00.01 | Syncing CorePillar
Fra:60 Mem:21.05M (Peak 21.05M) | Time:00:00.01 | Syncing Rig_thunder-lotus
Fra:60 Mem:21.06M (Peak 21.06M) | Time:00:00.01 | Syncing Orbiter_0
Fra:60 Mem:21.08M (Peak 21.08M) | Time:00:00.01 | Syncing Orbiter_1
Fra:60 Mem:21.10M (Peak 21.10M) | Time:00:00.01 | Syncing Orbiter_2
Fra:60 Mem:21.11M (Peak 21.11M) | Time:00:00.01 | Syncing Orbiter_3
Fra:60 Mem:21.13M (Peak 21.13M) | Time:00:00.01 | Syncing Orbiter_4
Fra:60 Mem:21.15M (Peak 21.15M) | Time:00:00.01 | Syncing GlowDisc
Fra:60 Mem:21.17M (Peak 21.17M) | Time:00:00.01 | Syncing GiftCam
Fra:60 Mem:21.17M (Peak 21.17M) | Time:00:00.01 | Syncing Area
Fra:60 Mem:21.17M (Peak 21.17M) | Time:00:00.01 | Syncing Area.001
Fra:60 Mem:21.17M (Peak 21.17M) | Time:00:00.01 | Syncing Point
Fra:60 Mem:21.16M (Peak 21.17M) | Time:00:00.02 | Rendering 1 / 8 samples
Fra:60 Mem:21.09M (Peak 21.17M) | Time:00:01.31 | Rendering 8 / 8 samples
Saved: '/workspace/artifacts/gift-library/thumbnails/thunder-lotus.png'
Time: 00:01.46 (Saving: 00:00.05)

Fra:60 Mem:21.11M (Peak 21.11M) | Time:00:00.01 | Syncing CoreIco
Fra:60 Mem:21.13M (Peak 21.13M) | Time:00:00.01 | Syncing Rig_celestial-abacus
Fra:60 Mem:21.14M (Peak 21.14M) | Time:00:00.01 | Syncing Orbiter_0
Fra:60 Mem:21.16M (Peak 21.16M) | Time:00:00.01 | Syncing Orbiter_1
Fra:60 Mem:21.18M (Peak 21.18M) | Time:00:00.01 | Syncing Orbiter_2
Fra:60 Mem:21.20M (Peak 21.20M) | Time:00:00.01 | Syncing Orbiter_3
Fra:60 Mem:21.21M (Peak 21.21M) | Time:00:00.01 | Syncing Orbiter_4
Fra:60 Mem:21.23M (Peak 21.23M) | Time:00:00.01 | Syncing GlowDisc
Fra:60 Mem:21.25M (Peak 21.25M) | Time:00:00.01 | Syncing GiftCam
Fra:60 Mem:21.25M (Peak 21.25M) | Time:00:00.01 | Syncing Area
Fra:60 Mem:21.25M (Peak 21.25M) | Time:00:00.01 | Syncing Area.001
Fra:60 Mem:21.25M (Peak 21.25M) | Time:00:00.01 | Syncing Point
Fra:60 Mem:21.24M (Peak 21.25M) | Time:00:00.02 | Rendering 1 / 8 samples
Fra:60 Mem:21.15M (Peak 21.25M) | Time:00:01.31 | Rendering 8 / 8 samples
Saved: '/workspace/artifacts/gift-library/thumbnails/celestial-abacus.png'
Time: 00:01.47 (Saving: 00:00.06)

Fra:60 Mem:21.24M (Peak 21.24M) | Time:00:00.01 | Syncing CoreTorus
Fra:60 Mem:21.32M (Peak 21.32M) | Time:00:00.02 | Syncing Rig_ember-symphony
Fra:60 Mem:21.33M (Peak 21.33M) | Time:00:00.02 | Syncing Orbiter_0
Fra:60 Mem:21.35M (Peak 21.35M) | Time:00:00.02 | Syncing Orbiter_1
Fra:60 Mem:21.37M (Peak 21.37M) | Time:00:00.02 | Syncing Orbiter_2
Fra:60 Mem:21.39M (Peak 21.39M) | Time:00:00.02 | Syncing Orbiter_3
Fra:60 Mem:21.41M (Peak 21.41M) | Time:00:00.02 | Syncing Orbiter_4
Fra:60 Mem:21.43M (Peak 21.43M) | Time:00:00.02 | Syncing GlowDisc
Fra:60 Mem:21.44M (Peak 21.44M) | Time:00:00.02 | Syncing GiftCam
Fra:60 Mem:21.44M (Peak 21.44M) | Time:00:00.02 | Syncing Area
Fra:60 Mem:21.44M (Peak 21.44M) | Time:00:00.02 | Syncing Area.001
Fra:60 Mem:21.44M (Peak 21.44M) | Time:00:00.02 | Syncing Point
Fra:60 Mem:21.44M (Peak 21.44M) | Time:00:00.02 | Rendering 1 / 8 samples
Fra:60 Mem:21.29M (Peak 21.44M) | Time:00:01.34 | Rendering 8 / 8 samples
Saved: '/workspace/artifacts/gift-library/thumbnails/ember-symphony.png'
Time: 00:01.51 (Saving: 00:00.06)

Fra:60 Mem:21.53M (Peak 21.53M) | Time:00:00.02 | Syncing CoreCluster
Fra:60 Mem:21.54M (Peak 21.54M) | Time:00:00.02 | Syncing Rig_glacier-crown
Fra:60 Mem:21.54M (Peak 21.54M) | Time:00:00.02 | Syncing Icosphere
Fra:60 Mem:21.55M (Peak 21.55M) | Time:00:00.02 | Syncing Icosphere.001
Fra:60 Mem:21.56M (Peak 21.56M) | Time:00:00.02 | Syncing Icosphere.002
Fra:60 Mem:21.57M (Peak 21.57M) | Time:00:00.02 | Syncing Icosphere.003
Fra:60 Mem:21.58M (Peak 21.58M) | Time:00:00.02 | Syncing Icosphere.004
Fra:60 Mem:21.59M (Peak 21.59M) | Time:00:00.02 | Syncing Orbiter_0
Fra:60 Mem:21.61M (Peak 21.61M) | Time:00:00.02 | Syncing Orbiter_1
Fra:60 Mem:21.63M (Peak 21.63M) | Time:00:00.02 | Syncing Orbiter_2
Fra:60 Mem:21.65M (Peak 21.65M) | Time:00:00.02 | Syncing Orbiter_3
Fra:60 Mem:21.67M (Peak 21.67M) | Time:00:00.02 | Syncing Orbiter_4
Fra:60 Mem:21.69M (Peak 21.69M) | Time:00:00.02 | Syncing GlowDisc
Fra:60 Mem:21.70M (Peak 21.70M) | Time:00:00.02 | Syncing GiftCam
Fra:60 Mem:21.70M (Peak 21.70M) | Time:00:00.02 | Syncing Area
Fra:60 Mem:21.70M (Peak 21.70M) | Time:00:00.02 | Syncing Area.001
Fra:60 Mem:21.70M (Peak 21.70M) | Time:00:00.02 | Syncing Point
Fra:60 Mem:21.69M (Peak 21.70M) | Time:00:00.02 | Rendering 1 / 8 samples
Fra:60 Mem:21.61M (Peak 21.70M) | Time:00:01.27 | Rendering 8 / 8 samples
Saved: '/workspace/artifacts/gift-library/thumbnails/glacier-crown.png'
Time: 00:01.42 (Saving: 00:00.05)

Fra:60 Mem:21.11M (Peak 21.11M) | Time:00:00.02 | Syncing CorePillar
Fra:60 Mem:21.12M (Peak 21.12M) | Time:00:00.02 | Syncing Rig_sandstorm-sphinx
Fra:60 Mem:21.12M (Peak 21.12M) | Time:00:00.02 | Syncing Orbiter_0
Fra:60 Mem:21.14M (Peak 21.14M) | Time:00:00.02 | Syncing Orbiter_1
Fra:60 Mem:21.16M (Peak 21.16M) | Time:00:00.02 | Syncing Orbiter_2
Fra:60 Mem:21.18M (Peak 21.18M) | Time:00:00.02 | Syncing Orbiter_3
Fra:60 Mem:21.20M (Peak 21.20M) | Time:00:00.02 | Syncing Orbiter_4
Fra:60 Mem:21.22M (Peak 21.22M) | Time:00:00.02 | Syncing GlowDisc
Fra:60 Mem:21.23M (Peak 21.23M) | Time:00:00.02 | Syncing GiftCam
Fra:60 Mem:21.23M (Peak 21.23M) | Time:00:00.02 | Syncing Area
Fra:60 Mem:21.23M (Peak 21.23M) | Time:00:00.02 | Syncing Area.001
Fra:60 Mem:21.23M (Peak 21.23M) | Time:00:00.02 | Syncing Point
Fra:60 Mem:21.23M (Peak 21.23M) | Time:00:00.02 | Rendering 1 / 8 samples
Fra:60 Mem:21.16M (Peak 21.23M) | Time:00:01.31 | Rendering 8 / 8 samples
Saved: '/workspace/artifacts/gift-library/thumbnails/sandstorm-sphinx.png'
Time: 00:01.45 (Saving: 00:00.04)

Fra:60 Mem:21.13M (Peak 21.13M) | Time:00:00.01 | Syncing CorePillar
Fra:60 Mem:21.13M (Peak 21.13M) | Time:00:00.01 | Syncing Rig_plasma-origami
Fra:60 Mem:21.14M (Peak 21.14M) | Time:00:00.01 | Syncing Orbiter_0
Fra:60 Mem:21.16M (Peak 21.16M) | Time:00:00.01 | Syncing Orbiter_1
Fra:60 Mem:21.18M (Peak 21.18M) | Time:00:00.01 | Syncing Orbiter_2
Fra:60 Mem:21.20M (Peak 21.20M) | Time:00:00.01 | Syncing Orbiter_3
Fra:60 Mem:21.22M (Peak 21.22M) | Time:00:00.01 | Syncing Orbiter_4
Fra:60 Mem:21.23M (Peak 21.23M) | Time:00:00.01 | Syncing GlowDisc
Fra:60 Mem:21.25M (Peak 21.25M) | Time:00:00.01 | Syncing GiftCam
Fra:60 Mem:21.25M (Peak 21.25M) | Time:00:00.01 | Syncing Area
Fra:60 Mem:21.25M (Peak 21.25M) | Time:00:00.01 | Syncing Area.001
Fra:60 Mem:21.25M (Peak 21.25M) | Time:00:00.01 | Syncing Point
Fra:60 Mem:21.25M (Peak 21.25M) | Time:00:00.02 | Rendering 1 / 8 samples
Fra:60 Mem:21.18M (Peak 21.25M) | Time:00:01.30 | Rendering 8 / 8 samples
Saved: '/workspace/artifacts/gift-library/thumbnails/plasma-origami.png'
Time: 00:01.46 (Saving: 00:00.06)


11:55:39 | INFO: Extracting primitive: Sphere.003
11:55:39 | INFO: Primitives created: 1
11:55:39 | INFO: Extracting primitive: Sphere.004
11:55:39 | INFO: Primitives created: 1
11:55:39 | INFO: Extracting primitive: Cylinder.001
11:55:39 | INFO: Primitives created: 1
11:55:39 | INFO: Extracting primitive: Cylinder
11:55:39 | INFO: Primitives created: 1
11:55:39 | INFO: Finished glTF 2.0 export in 0.029786348342895508 s

[OK] #030 rune-avalanche glb=120944B
Info: Saved "photon-dancer.blend"
11:55:40 | ERROR: Draco mesh compression is not available because library could not be found at /usr/bin/4.0/python/lib/python3.12/site-packages/libextern_draco.so
11:55:40 | INFO: Starting glTF 2.0 export
11:55:40 | INFO: Extracting primitive: Sphere
11:55:40 | INFO: Primitives created: 1
11:55:40 | INFO: Extracting primitive: Sphere.001
11:55:40 | INFO: Primitives created: 1
11:55:40 | INFO: Extracting primitive: Sphere.002
11:55:40 | INFO: Primitives created: 1
11:55:40 | INFO: Extracting primitive: Sphere.003
11:55:40 | INFO: Primitives created: 1
11:55:40 | INFO: Extracting primitive: Sphere.004
11:55:40 | INFO: Primitives created: 1
11:55:40 | INFO: Extracting primitive: Cylinder
11:55:40 | INFO: Primitives created: 1
11:55:40 | INFO: Extracting primitive: Cube
11:55:40 | INFO: Primitives created: 1
11:55:40 | INFO: Finished glTF 2.0 export in 0.030402183532714844 s

[OK] #031 photon-dancer glb=131924B
Info: Saved "thunder-lotus.blend"
11:55:42 | ERROR: Draco mesh compression is not available because library could not be found at /usr/bin/4.0/python/lib/python3.12/site-packages/libextern_draco.so
11:55:42 | INFO: Starting glTF 2.0 export
11:55:42 | INFO: Extracting primitive: Sphere
11:55:42 | INFO: Primitives created: 1
11:55:42 | INFO: Extracting primitive: Sphere.001
11:55:42 | INFO: Primitives created: 1
11:55:42 | INFO: Extracting primitive: Sphere.002
11:55:42 | INFO: Primitives created: 1
11:55:42 | INFO: Extracting primitive: Sphere.003
11:55:42 | INFO: Primitives created: 1
11:55:42 | INFO: Extracting primitive: Sphere.004
11:55:42 | INFO: Primitives created: 1
11:55:42 | INFO: Extracting primitive: Cylinder.001
11:55:42 | INFO: Primitives created: 1
11:55:42 | INFO: Extracting primitive: Cylinder
11:55:42 | INFO: Primitives created: 1
11:55:42 | INFO: Finished glTF 2.0 export in 0.029314517974853516 s

[OK] #032 thunder-lotus glb=121080B
Info: Saved "celestial-abacus.blend"
11:55:43 | ERROR: Draco mesh compression is not available because library could not be found at /usr/bin/4.0/python/lib/python3.12/site-packages/libextern_draco.so
11:55:43 | INFO: Starting glTF 2.0 export
11:55:43 | INFO: Extracting primitive: Sphere
11:55:43 | INFO: Primitives created: 1
11:55:43 | INFO: Extracting primitive: Sphere.001
11:55:43 | INFO: Primitives created: 1
11:55:43 | INFO: Extracting primitive: Sphere.002
11:55:43 | INFO: Primitives created: 1
11:55:43 | INFO: Extracting primitive: Sphere.003
11:55:43 | INFO: Primitives created: 1
11:55:43 | INFO: Extracting primitive: Sphere.004
11:55:43 | INFO: Primitives created: 1
11:55:43 | INFO: Extracting primitive: Cylinder
11:55:43 | INFO: Primitives created: 1
11:55:43 | INFO: Extracting primitive: Icosphere
11:55:43 | INFO: Primitives created: 1
11:55:43 | INFO: Finished glTF 2.0 export in 0.030483722686767578 s

[OK] #033 celestial-abacus glb=149504B
Info: Saved "ember-symphony.blend"
11:55:45 | ERROR: Draco mesh compression is not available because library could not be found at /usr/bin/4.0/python/lib/python3.12/site-packages/libextern_draco.so
11:55:45 | INFO: Starting glTF 2.0 export
11:55:45 | INFO: Extracting primitive: Sphere
11:55:45 | INFO: Primitives created: 1
11:55:45 | INFO: Extracting primitive: Sphere.001
11:55:45 | INFO: Primitives created: 1
11:55:45 | INFO: Extracting primitive: Sphere.002
11:55:45 | INFO: Primitives created: 1
11:55:45 | INFO: Extracting primitive: Sphere.003
11:55:45 | INFO: Primitives created: 1
11:55:45 | INFO: Extracting primitive: Sphere.004
11:55:45 | INFO: Primitives created: 1
11:55:45 | INFO: Extracting primitive: Cylinder
11:55:45 | INFO: Primitives created: 1
11:55:45 | INFO: Extracting primitive: Torus
11:55:45 | INFO: Primitives created: 1
11:55:45 | INFO: Finished glTF 2.0 export in 0.032355308532714844 s

[OK] #034 ember-symphony glb=226044B
Info: Saved "glacier-crown.blend"
11:55:46 | ERROR: Draco mesh compression is not available because library could not be found at /usr/bin/4.0/python/lib/python3.12/site-packages/libextern_draco.so
11:55:46 | INFO: Starting glTF 2.0 export
11:55:46 | INFO: Extracting primitive: Icosphere.001
11:55:46 | INFO: Primitives created: 1
11:55:46 | INFO: Extracting primitive: Icosphere.002
11:55:46 | INFO: Primitives created: 1
11:55:46 | INFO: Extracting primitive: Icosphere.003
11:55:46 | INFO: Primitives created: 1
11:55:46 | INFO: Extracting primitive: Icosphere.004
11:55:46 | INFO: Primitives created: 1
11:55:46 | INFO: Extracting primitive: Icosphere.005
11:55:46 | INFO: Primitives created: 1
11:55:46 | INFO: Extracting primitive: Sphere
11:55:46 | INFO: Primitives created: 1
11:55:46 | INFO: Extracting primitive: Sphere.001
11:55:46 | INFO: Primitives created: 1
11:55:46 | INFO: Extracting primitive: Sphere.002
11:55:46 | INFO: Primitives created: 1
11:55:46 | INFO: Extracting primitive: Sphere.003
11:55:46 | INFO: Primitives created: 1
11:55:46 | INFO: Extracting primitive: Sphere.004
11:55:46 | INFO: Primitives created: 1
11:55:46 | INFO: Extracting primitive: Cylinder
11:55:46 | INFO: Primitives created: 1
11:55:46 | INFO: Extracting primitive: Icosphere
11:55:46 | INFO: Primitives created: 1
11:55:46 | INFO: Finished glTF 2.0 export in 0.03408408164978027 s

[OK] #035 glacier-crown glb=140064B
Info: Saved "sandstorm-sphinx.blend"
11:55:48 | ERROR: Draco mesh compression is not available because library could not be found at /usr/bin/4.0/python/lib/python3.12/site-packages/libextern_draco.so
11:55:48 | INFO: Starting glTF 2.0 export
11:55:48 | INFO: Extracting primitive: Sphere
11:55:48 | INFO: Primitives created: 1
11:55:48 | INFO: Extracting primitive: Sphere.001
11:55:48 | INFO: Primitives created: 1
11:55:48 | INFO: Extracting primitive: Sphere.002
11:55:48 | INFO: Primitives created: 1
11:55:48 | INFO: Extracting primitive: Sphere.003
11:55:48 | INFO: Primitives created: 1
11:55:48 | INFO: Extracting primitive: Sphere.004
11:55:48 | INFO: Primitives created: 1
11:55:48 | INFO: Extracting primitive: Cylinder.001
11:55:48 | INFO: Primitives created: 1
11:55:48 | INFO: Extracting primitive: Cylinder
11:55:48 | INFO: Primitives created: 1
11:55:48 | INFO: Finished glTF 2.0 export in 0.047651052474975586 s

[OK] #036 sandstorm-sphinx glb=120956B
Info: Saved "plasma-origami.blend"
11:55:49 | ERROR: Draco mesh compression is not available because library could not be found at /usr/bin/4.0/python/lib/python3.12/site-packages/libextern_draco.so
11:55:49 | INFO: Starting glTF 2.0 export
11:55:49 | INFO: Extracting primitive: Sphere
11:55:49 | INFO: Primitives created: 1
11:55:49 | INFO: Extracting primitive: Sphere.001
11:55:49 | INFO: Primitives created: 1
11:55:49 | INFO: Extracting primitive: Sphere.002
11:55:49 | INFO: Primitives created: 1
11:55:49 | INFO: Extracting primitive: Sphere.003
11:55:49 | INFO: Primitives created: 1
11:55:49 | INFO: Extracting primitive: Sphere.004
11:55:49 | INFO: Primitives created: 1
11:55:49 | INFO: Extracting primitive: Cylinder.001
11:55:49 | INFO: Primitives created: 1
11:55:49 | INFO: Extracting primitive: Cylinder
11:55:49 | INFO: Primitives created: 1
11:55:49 | INFO: Finished glTF 2.0 export in 0.02910590171813965 s

[OK] #037 plasma-origami glb=121080B
Info: Saved "harbinger-belltower.blend"
11:55:51 | ERROR: Draco mesh compression is not available because library could not be found at /usr/bin/4.0/python/lib/python3.12/site-packages/libextern_draco.so
11:55:51 | INFO: Starting glTF 2.0 export
11:55:51 | INFO: Extracting primitive: Sphere
11:55:51 | INFO: Primitives created: 1
11:55:51 | INFO: Extracting primitive: Sphere.001
11:55:51 | INFO: Primitives created: 1
11:55:51 | INFO: Extracting primitive: Sphere.002
11:55:51 | INFO: Primitives created: 1
11:55:51 | INFO: Extracting primitive: Sphere.003Fra:60 Mem:21.31M (Peak 21.31M) | Time:00:00.01 | Syncing CoreTorus
Fra:60 Mem:21.39M (Peak 21.39M) | Time:00:00.01 | Syncing Rig_harbinger-belltower
Fra:60 Mem:21.40M (Peak 21.40M) | Time:00:00.01 | Syncing Orbiter_0
Fra:60 Mem:21.42M (Peak 21.42M) | Time:00:00.01 | Syncing Orbiter_1
Fra:60 Mem:21.44M (Peak 21.44M) | Time:00:00.01 | Syncing Orbiter_2
Fra:60 Mem:21.46M (Peak 21.46M) | Time:00:00.01 | Syncing Orbiter_3
Fra:60 Mem:21.48M (Peak 21.48M) | Time:00:00.01 | Syncing Orbiter_4
Fra:60 Mem:21.49M (Peak 21.49M) | Time:00:00.01 | Syncing GlowDisc
Fra:60 Mem:21.51M (Peak 21.51M) | Time:00:00.01 | Syncing GiftCam
Fra:60 Mem:21.51M (Peak 21.51M) | Time:00:00.01 | Syncing Area
Fra:60 Mem:21.51M (Peak 21.51M) | Time:00:00.01 | Syncing Area.001
Fra:60 Mem:21.51M (Peak 21.51M) | Time:00:00.01 | Syncing Point
Fra:60 Mem:21.51M (Peak 21.51M) | Time:00:00.02 | Rendering 1 / 8 samples
Fra:60 Mem:21.36M (Peak 21.51M) | Time:00:01.32 | Rendering 8 / 8 samples
Saved: '/workspace/artifacts/gift-library/thumbnails/harbinger-belltower.png'
Time: 00:01.48 (Saving: 00:00.05)

Fra:60 Mem:21.16M (Peak 21.16M) | Time:00:00.01 | Syncing CoreCrystal
Fra:60 Mem:21.16M (Peak 21.16M) | Time:00:00.01 | Syncing Rig_lumen-serpent
Fra:60 Mem:21.16M (Peak 21.16M) | Time:00:00.01 | Syncing Orbiter_0
Fra:60 Mem:21.19M (Peak 21.19M) | Time:00:00.01 | Syncing Orbiter_1
Fra:60 Mem:21.20M (Peak 21.20M) | Time:00:00.01 | Syncing Orbiter_2
Fra:60 Mem:21.22M (Peak 21.22M) | Time:00:00.01 | Syncing Orbiter_3
Fra:60 Mem:21.24M (Peak 21.24M) | Time:00:00.01 | Syncing Orbiter_4
Fra:60 Mem:21.26M (Peak 21.26M) | Time:00:00.01 | Syncing GlowDisc
Fra:60 Mem:21.28M (Peak 21.28M) | Time:00:00.01 | Syncing GiftCam
Fra:60 Mem:21.28M (Peak 21.28M) | Time:00:00.01 | Syncing Area
Fra:60 Mem:21.28M (Peak 21.28M) | Time:00:00.01 | Syncing Area.001
Fra:60 Mem:21.28M (Peak 21.28M) | Time:00:00.01 | Syncing Point
Fra:60 Mem:21.27M (Peak 21.28M) | Time:00:00.02 | Rendering 1 / 8 samples
Fra:60 Mem:21.20M (Peak 21.28M) | Time:00:01.28 | Rendering 8 / 8 samples
Saved: '/workspace/artifacts/gift-library/thumbnails/lumen-serpent.png'
Time: 00:01.42 (Saving: 00:00.05)

Fra:60 Mem:21.61M (Peak 21.61M) | Time:00:00.01 | Syncing CoreCluster
Fra:60 Mem:21.62M (Peak 21.62M) | Time:00:00.01 | Syncing Rig_arcane-hourglass
Fra:60 Mem:21.62M (Peak 21.62M) | Time:00:00.01 | Syncing Icosphere
Fra:60 Mem:21.63M (Peak 21.63M) | Time:00:00.01 | Syncing Icosphere.001
Fra:60 Mem:21.64M (Peak 21.64M) | Time:00:00.01 | Syncing Icosphere.002
Fra:60 Mem:21.65M (Peak 21.65M) | Time:00:00.01 | Syncing Icosphere.003
Fra:60 Mem:21.66M (Peak 21.66M) | Time:00:00.01 | Syncing Icosphere.004
Fra:60 Mem:21.67M (Peak 21.67M) | Time:00:00.01 | Syncing Orbiter_0
Fra:60 Mem:21.69M (Peak 21.69M) | Time:00:00.01 | Syncing Orbiter_1
Fra:60 Mem:21.71M (Peak 21.71M) | Time:00:00.01 | Syncing Orbiter_2
Fra:60 Mem:21.73M (Peak 21.73M) | Time:00:00.01 | Syncing Orbiter_3
Fra:60 Mem:21.74M (Peak 21.74M) | Time:00:00.01 | Syncing Orbiter_4
Fra:60 Mem:21.76M (Peak 21.76M) | Time:00:00.01 | Syncing GlowDisc
Fra:60 Mem:21.78M (Peak 21.78M) | Time:00:00.01 | Syncing GiftCam
Fra:60 Mem:21.78M (Peak 21.78M) | Time:00:00.01 | Syncing Area
Fra:60 Mem:21.78M (Peak 21.78M) | Time:00:00.01 | Syncing Area.001
Fra:60 Mem:21.78M (Peak 21.78M) | Time:00:00.01 | Syncing Point
Fra:60 Mem:21.77M (Peak 21.78M) | Time:00:00.02 | Rendering 1 / 8 samples
Fra:60 Mem:21.69M (Peak 21.78M) | Time:00:01.30 | Rendering 8 / 8 samples
Saved: '/workspace/artifacts/gift-library/thumbnails/arcane-hourglass.png'
Time: 00:01.44 (Saving: 00:00.04)

Fra:84 Mem:21.57M (Peak 21.57M) | Time:00:00.01 | Syncing CoreTorus
Fra:84 Mem:21.65M (Peak 21.65M) | Time:00:00.01 | Syncing Rig_worldtree-spark
Fra:84 Mem:21.65M (Peak 21.65M) | Time:00:00.01 | Syncing Orbiter_0
Fra:84 Mem:21.67M (Peak 21.67M) | Time:00:00.01 | Syncing Orbiter_1
Fra:84 Mem:21.69M (Peak 21.69M) | Time:00:00.01 | Syncing Orbiter_2
Fra:84 Mem:21.71M (Peak 21.71M) | Time:00:00.01 | Syncing Orbiter_3
Fra:84 Mem:21.73M (Peak 21.73M) | Time:00:00.01 | Syncing Orbiter_4
Fra:84 Mem:21.75M (Peak 21.75M) | Time:00:00.01 | Syncing Orbiter_5
Fra:84 Mem:21.77M (Peak 21.77M) | Time:00:00.01 | Syncing Orbiter_6
Fra:84 Mem:21.79M (Peak 21.79M) | Time:00:00.01 | Syncing GlowDisc
Fra:84 Mem:21.80M (Peak 21.80M) | Time:00:00.01 | Syncing GiftCam
Fra:84 Mem:21.80M (Peak 21.80M) | Time:00:00.01 | Syncing Area
Fra:84 Mem:21.80M (Peak 21.80M) | Time:00:00.01 | Syncing Area.001
Fra:84 Mem:21.80M (Peak 21.80M) | Time:00:00.01 | Syncing Point
Fra:84 Mem:21.80M (Peak 21.80M) | Time:00:00.02 | Rendering 1 / 8 samples
Fra:84 Mem:21.63M (Peak 21.80M) | Time:00:01.36 | Rendering 8 / 8 samples
Saved: '/workspace/artifacts/gift-library/thumbnails/worldtree-spark.png'
Time: 00:01.51 (Saving: 00:00.04)

Fra:84 Mem:21.44M (Peak 21.44M) | Time:00:00.01 | Syncing CoreCube
Fra:84 Mem:21.46M (Peak 21.46M) | Time:00:00.01 | Syncing Rig_dragonforge-relic
Fra:84 Mem:21.46M (Peak 21.46M) | Time:00:00.01 | Syncing Orbiter_0
Fra:84 Mem:21.48M (Peak 21.48M) | Time:00:00.01 | Syncing Orbiter_1
Fra:84 Mem:21.50M (Peak 21.50M) | Time:00:00.01 | Syncing Orbiter_2
Fra:84 Mem:21.52M (Peak 21.52M) | Time:00:00.01 | Syncing Orbiter_3
Fra:84 Mem:21.54M (Peak 21.54M) | Time:00:00.01 | Syncing Orbiter_4
Fra:84 Mem:21.56M (Peak 21.56M) | Time:00:00.01 | Syncing Orbiter_5
Fra:84 Mem:21.58M (Peak 21.58M) | Time:00:00.01 | Syncing Orbiter_6
Fra:84 Mem:21.60M (Peak 21.60M) | Time:00:00.01 | Syncing GlowDisc
Fra:84 Mem:21.61M (Peak 21.61M) | Time:00:00.01 | Syncing GiftCam
Fra:84 Mem:21.61M (Peak 21.61M) | Time:00:00.01 | Syncing Area
Fra:84 Mem:21.61M (Peak 21.61M) | Time:00:00.01 | Syncing Area.001
Fra:84 Mem:21.61M (Peak 21.61M) | Time:00:00.01 | Syncing Point
Fra:84 Mem:21.61M (Peak 21.61M) | Time:00:00.02 | Rendering 1 / 8 samples
Fra:84 Mem:21.51M (Peak 21.61M) | Time:00:01.34 | Rendering 8 / 8 samples
Saved: '/workspace/artifacts/gift-library/thumbnails/dragonforge-relic.png'
Time: 00:01.49 (Saving: 00:00.05)

Fra:84 Mem:21.45M (Peak 21.45M) | Time:00:00.02 | Syncing CorePillar
Fra:84 Mem:21.45M (Peak 21.45M) | Time:00:00.02 | Syncing Rig_abyssal-crown
Fra:84 Mem:21.46M (Peak 21.46M) | Time:00:00.02 | Syncing Orbiter_0
Fra:84 Mem:21.48M (Peak 21.48M) | Time:00:00.02 | Syncing Orbiter_1
Fra:84 Mem:21.50M (Peak 21.50M) | Time:00:00.02 | Syncing Orbiter_2
Fra:84 Mem:21.52M (Peak 21.52M) | Time:00:00.02 | Syncing Orbiter_3
Fra:84 Mem:21.54M (Peak 21.54M) | Time:00:00.02 | Syncing Orbiter_4
Fra:84 Mem:21.55M (Peak 21.55M) | Time:00:00.02 | Syncing Orbiter_5
Fra:84 Mem:21.57M (Peak 21.57M) | Time:00:00.02 | Syncing Orbiter_6
Fra:84 Mem:21.59M (Peak 21.59M) | Time:00:00.02 | Syncing GlowDisc
Fra:84 Mem:21.61M (Peak 21.61M) | Time:00:00.02 | Syncing GiftCam
Fra:84 Mem:21.61M (Peak 21.61M) | Time:00:00.02 | Syncing Area
Fra:84 Mem:21.61M (Peak 21.61M) | Time:00:00.02 | Syncing Area.001
Fra:84 Mem:21.61M (Peak 21.61M) | Time:00:00.02 | Syncing Point
Fra:84 Mem:21.60M (Peak 21.61M) | Time:00:00.02 | Rendering 1 / 8 samples
Fra:84 Mem:21.51M (Peak 21.61M) | Time:00:01.29 | Rendering 8 / 8 samples
Saved: '/workspace/artifacts/gift-library/thumbnails/abyssal-crown.png'
Time: 00:01.43 (Saving: 00:00.05)

Fra:84 Mem:21.63M (Peak 21.63M) | Time:00:00.02 | Syncing CoreTorus
Fra:84 Mem:21.71M (Peak 21.71M) | Time:00:00.02 | Syncing Rig_solar-cathedral
Fra:84 Mem:21.72M (Peak 21.72M) | Time:00:00.02 | Syncing Orbiter_0
Fra:84 Mem:21.74M (Peak 21.74M) | Time:00:00.02 | Syncing Orbiter_1
Fra:84 Mem:21.76M (Peak 21.76M) | Time:00:00.02 | Syncing Orbiter_2
Fra:84 Mem:21.78M (Peak 21.78M) | Time:00:00.02 | Syncing Orbiter_3
Fra:84 Mem:21.80M (Peak 21.80M) | Time:00:00.02 | Syncing Orbiter_4
Fra:84 Mem:21.82M (Peak 21.82M) | Time:00:00.02 | Syncing Orbiter_5
Fra:84 Mem:21.83M (Peak 21.83M) | Time:00:00.02 | Syncing Orbiter_6
Fra:84 Mem:21.85M (Peak 21.85M) | Time:00:00.02 | Syncing GlowDisc
Fra:84 Mem:21.87M (Peak 21.87M) | Time:00:00.02 | Syncing GiftCam
Fra:84 Mem:21.87M (Peak 21.87M) | Time:00:00.02 | Syncing Area
Fra:84 Mem:21.87M (Peak 21.87M) | Time:00:00.02 | Syncing Area.001
Fra:84 Mem:21.87M (Peak 21.87M) | Time:00:00.02 | Syncing Point
Fra:84 Mem:21.86M (Peak 21.87M) | Time:00:00.02 | Rendering 1 / 8 samples
Fra:84 Mem:21.70M (Peak 21.87M) | Time:00:01.37 | Rendering 8 / 8 samples
Saved: '/workspace/artifacts/gift-library/thumbnails/solar-cathedral.png'
Time: 00:01.55 (Saving: 00:00.06)


11:55:51 | INFO: Primitives created: 1
11:55:51 | INFO: Extracting primitive: Sphere.004
11:55:51 | INFO: Primitives created: 1
11:55:51 | INFO: Extracting primitive: Cylinder
11:55:51 | INFO: Primitives created: 1
11:55:51 | INFO: Extracting primitive: Torus
11:55:51 | INFO: Primitives created: 1
11:55:51 | INFO: Finished glTF 2.0 export in 0.03228402137756348 s

[OK] #038 harbinger-belltower glb=224452B
Info: Saved "lumen-serpent.blend"
11:55:52 | ERROR: Draco mesh compression is not available because library could not be found at /usr/bin/4.0/python/lib/python3.12/site-packages/libextern_draco.so
11:55:52 | INFO: Starting glTF 2.0 export
11:55:52 | INFO: Extracting primitive: Sphere
11:55:52 | INFO: Primitives created: 1
11:55:52 | INFO: Extracting primitive: Sphere.001
11:55:52 | INFO: Primitives created: 1
11:55:52 | INFO: Extracting primitive: Sphere.002
11:55:52 | INFO: Primitives created: 1
11:55:52 | INFO: Extracting primitive: Sphere.003
11:55:52 | INFO: Primitives created: 1
11:55:52 | INFO: Extracting primitive: Sphere.004
11:55:52 | INFO: Primitives created: 1
11:55:52 | INFO: Extracting primitive: Cylinder
11:55:52 | INFO: Primitives created: 1
11:55:52 | INFO: Extracting primitive: Cone
11:55:52 | INFO: Primitives created: 1
11:55:52 | INFO: Finished glTF 2.0 export in 0.029227018356323242 s

[OK] #039 lumen-serpent glb=119332B
Info: Saved "arcane-hourglass.blend"
11:55:54 | ERROR: Draco mesh compression is not available because library could not be found at /usr/bin/4.0/python/lib/python3.12/site-packages/libextern_draco.so
11:55:54 | INFO: Starting glTF 2.0 export
11:55:54 | INFO: Extracting primitive: Icosphere.001
11:55:54 | INFO: Primitives created: 1
11:55:54 | INFO: Extracting primitive: Icosphere.002
11:55:54 | INFO: Primitives created: 1
11:55:54 | INFO: Extracting primitive: Icosphere.003
11:55:54 | INFO: Primitives created: 1
11:55:54 | INFO: Extracting primitive: Icosphere.004
11:55:54 | INFO: Primitives created: 1
11:55:54 | INFO: Extracting primitive: Icosphere.005
11:55:54 | INFO: Primitives created: 1
11:55:54 | INFO: Extracting primitive: Sphere
11:55:54 | INFO: Primitives created: 1
11:55:54 | INFO: Extracting primitive: Sphere.001
11:55:54 | INFO: Primitives created: 1
11:55:54 | INFO: Extracting primitive: Sphere.002
11:55:54 | INFO: Primitives created: 1
11:55:54 | INFO: Extracting primitive: Sphere.003
11:55:54 | INFO: Primitives created: 1
11:55:54 | INFO: Extracting primitive: Sphere.004
11:55:54 | INFO: Primitives created: 1
11:55:54 | INFO: Extracting primitive: Cylinder
11:55:54 | INFO: Primitives created: 1
11:55:54 | INFO: Extracting primitive: Icosphere
11:55:54 | INFO: Primitives created: 1
11:55:54 | INFO: Finished glTF 2.0 export in 0.03335714340209961 s

[OK] #040 arcane-hourglass glb=140080B
Info: Saved "worldtree-spark.blend"
11:55:55 | ERROR: Draco mesh compression is not available because library could not be found at /usr/bin/4.0/python/lib/python3.12/site-packages/libextern_draco.so
11:55:55 | INFO: Starting glTF 2.0 export
11:55:55 | INFO: Extracting primitive: Sphere
11:55:55 | INFO: Primitives created: 1
11:55:55 | INFO: Extracting primitive: Sphere.001
11:55:55 | INFO: Primitives created: 1
11:55:55 | INFO: Extracting primitive: Sphere.002
11:55:55 | INFO: Primitives created: 1
11:55:55 | INFO: Extracting primitive: Sphere.003
11:55:55 | INFO: Primitives created: 1
11:55:55 | INFO: Extracting primitive: Sphere.004
11:55:55 | INFO: Primitives created: 1
11:55:55 | INFO: Extracting primitive: Sphere.005
11:55:55 | INFO: Primitives created: 1
11:55:55 | INFO: Extracting primitive: Sphere.006
11:55:55 | INFO: Primitives created: 1
11:55:55 | INFO: Extracting primitive: Cylinder
11:55:55 | INFO: Primitives created: 1
11:55:55 | INFO: Extracting primitive: Torus
11:55:55 | INFO: Primitives created: 1
11:55:55 | INFO: Finished glTF 2.0 export in 0.04848337173461914 s

[OK] #041 worldtree-spark glb=267152B
Info: Saved "dragonforge-relic.blend"
11:55:57 | ERROR: Draco mesh compression is not available because library could not be found at /usr/bin/4.0/python/lib/python3.12/site-packages/libextern_draco.so
11:55:57 | INFO: Starting glTF 2.0 export
11:55:57 | INFO: Extracting primitive: Sphere
11:55:57 | INFO: Primitives created: 1
11:55:57 | INFO: Extracting primitive: Sphere.001
11:55:57 | INFO: Primitives created: 1
11:55:57 | INFO: Extracting primitive: Sphere.002
11:55:57 | INFO: Primitives created: 1
11:55:57 | INFO: Extracting primitive: Sphere.003
11:55:57 | INFO: Primitives created: 1
11:55:57 | INFO: Extracting primitive: Sphere.004
11:55:57 | INFO: Primitives created: 1
11:55:57 | INFO: Extracting primitive: Sphere.005
11:55:57 | INFO: Primitives created: 1
11:55:57 | INFO: Extracting primitive: Sphere.006
11:55:57 | INFO: Primitives created: 1
11:55:57 | INFO: Extracting primitive: Cylinder
11:55:57 | INFO: Primitives created: 1
11:55:57 | INFO: Extracting primitive: Cube
11:55:57 | INFO: Primitives created: 1
11:55:57 | INFO: Finished glTF 2.0 export in 0.04554343223571777 s

[OK] #042 dragonforge-relic glb=174520B
Info: Saved "abyssal-crown.blend"
11:55:58 | ERROR: Draco mesh compression is not available because library could not be found at /usr/bin/4.0/python/lib/python3.12/site-packages/libextern_draco.so
11:55:58 | INFO: Starting glTF 2.0 export
11:55:58 | INFO: Extracting primitive: Sphere
11:55:58 | INFO: Primitives created: 1
11:55:58 | INFO: Extracting primitive: Sphere.001
11:55:58 | INFO: Primitives created: 1
11:55:58 | INFO: Extracting primitive: Sphere.002
11:55:58 | INFO: Primitives created: 1
11:55:58 | INFO: Extracting primitive: Sphere.003
11:55:58 | INFO: Primitives created: 1
11:55:58 | INFO: Extracting primitive: Sphere.004
11:55:58 | INFO: Primitives created: 1
11:55:58 | INFO: Extracting primitive: Sphere.005
11:55:58 | INFO: Primitives created: 1
11:55:58 | INFO: Extracting primitive: Sphere.006
11:55:58 | INFO: Primitives created: 1
11:55:58 | INFO: Extracting primitive: Cylinder.001
11:55:58 | INFO: Primitives created: 1
11:55:58 | INFO: Extracting primitive: Cylinder
11:55:58 | INFO: Primitives created: 1
11:55:58 | INFO: Finished glTF 2.0 export in 0.046617746353149414 s

[OK] #043 abyssal-crown glb=165136B
Info: Saved "solar-cathedral.blend"
11:56:00 | ERROR: Draco mesh compression is not available because library could not be found at /usr/bin/4.0/python/lib/python3.12/site-packages/libextern_draco.so
11:56:00 | INFO: Starting glTF 2.0 export
11:56:00 | INFO: Extracting primitive: Sphere
11:56:00 | INFO: Primitives created: 1
11:56:00 | INFO: Extracting primitive: Sphere.001
11:56:00 | INFO: Primitives created: 1
11:56:00 | INFO: Extracting primitive: Sphere.002
11:56:00 | INFO: Primitives created: 1
11:56:00 | INFO: Extracting primitive: Sphere.003
11:56:00 | INFO: Primitives created: 1
11:56:00 | INFO: Extracting primitive: Sphere.004
11:56:00 | INFO: Primitives created: 1
11:56:00 | INFO: Extracting primitive: Sphere.005
11:56:00 | INFO: Primitives created: 1
11:56:00 | INFO: Extracting primitive: Sphere.006
11:56:00 | INFO: Primitives created: 1
11:56:00 | INFO: Extracting primitive: Cylinder
11:56:00 | INFO: Primitives created: 1
11:56:00 | INFO: Extracting primitive: Torus
11:56:00 | INFO: Primitives created: 1
11:56:00 | INFO: Finished glTF 2.0 export in 0.0656125545501709 s

[OK] #044 solar-cathedral glb=268768B
Info: Saved "tempest-throne.blend"
11:56:02 | ERROR: Draco mesh compression is not available because library could not be found at /usr/bin/4.0/python/lib/python3.12/site-packages/libextern_draco.so
11:56:02 | INFO: Starting glTF 2.0 export
11:56:02 | INFO: Extracting primitive: Sphere
11:56:02 | INFO: Primitives created: 1
11:56:02 | INFO: Extracting primitive: Sphere.001
11:56:02 | INFO: Primitives created: 1
11:56:02 | INFO: Extracting primitive: Sphere.002
11:56:02 | INFO: Primitives created: 1
11:56:02 | INFO: Extracting primitive: Sphere.003
11:56:02 | INFO: Primitives created: 1
11:56:02 | INFO: Extracting primitive: Sphere.004
11:56:02 | INFO: Primitives created: 1
11:56:02 | INFO: Extracting primitive: Sphere.005
11:56:02 | INFO: Primitives created: 1
11:56:02 | INFO: Extracting primitive: Sphere.006
11:56:02 | INFO: Primitives created: 1Fra:84 Mem:21.52M (Peak 21.52M) | Time:00:00.02 | Syncing CoreIco
Fra:84 Mem:21.55M (Peak 21.55M) | Time:00:00.02 | Syncing Rig_tempest-throne
Fra:84 Mem:21.56M (Peak 21.56M) | Time:00:00.02 | Syncing Orbiter_0
Fra:84 Mem:21.58M (Peak 21.58M) | Time:00:00.02 | Syncing Orbiter_1
Fra:84 Mem:21.60M (Peak 21.60M) | Time:00:00.02 | Syncing Orbiter_2
Fra:84 Mem:21.61M (Peak 21.61M) | Time:00:00.02 | Syncing Orbiter_3
Fra:84 Mem:21.63M (Peak 21.63M) | Time:00:00.02 | Syncing Orbiter_4
Fra:84 Mem:21.65M (Peak 21.65M) | Time:00:00.02 | Syncing Orbiter_5
Fra:84 Mem:21.67M (Peak 21.67M) | Time:00:00.02 | Syncing Orbiter_6
Fra:84 Mem:21.69M (Peak 21.69M) | Time:00:00.02 | Syncing GlowDisc
Fra:84 Mem:21.71M (Peak 21.71M) | Time:00:00.02 | Syncing GiftCam
Fra:84 Mem:21.71M (Peak 21.71M) | Time:00:00.02 | Syncing Area
Fra:84 Mem:21.71M (Peak 21.71M) | Time:00:00.02 | Syncing Area.001
Fra:84 Mem:21.71M (Peak 21.71M) | Time:00:00.02 | Syncing Point
Fra:84 Mem:21.70M (Peak 21.71M) | Time:00:00.02 | Rendering 1 / 8 samples
Fra:84 Mem:21.59M (Peak 21.71M) | Time:00:01.38 | Rendering 8 / 8 samples
Saved: '/workspace/artifacts/gift-library/thumbnails/tempest-throne.png'
Time: 00:01.53 (Saving: 00:00.05)

Fra:84 Mem:21.49M (Peak 21.49M) | Time:00:00.02 | Syncing CoreCrystal
Fra:84 Mem:21.50M (Peak 21.50M) | Time:00:00.02 | Syncing Rig_chrono-phoenix
Fra:84 Mem:21.50M (Peak 21.50M) | Time:00:00.02 | Syncing Orbiter_0
Fra:84 Mem:21.52M (Peak 21.52M) | Time:00:00.02 | Syncing Orbiter_1
Fra:84 Mem:21.54M (Peak 21.54M) | Time:00:00.02 | Syncing Orbiter_2
Fra:84 Mem:21.56M (Peak 21.56M) | Time:00:00.02 | Syncing Orbiter_3
Fra:84 Mem:21.58M (Peak 21.58M) | Time:00:00.02 | Syncing Orbiter_4
Fra:84 Mem:21.60M (Peak 21.60M) | Time:00:00.02 | Syncing Orbiter_5
Fra:84 Mem:21.62M (Peak 21.62M) | Time:00:00.02 | Syncing Orbiter_6
Fra:84 Mem:21.64M (Peak 21.64M) | Time:00:00.02 | Syncing GlowDisc
Fra:84 Mem:21.65M (Peak 21.65M) | Time:00:00.02 | Syncing GiftCam
Fra:84 Mem:21.65M (Peak 21.65M) | Time:00:00.02 | Syncing Area
Fra:84 Mem:21.65M (Peak 21.65M) | Time:00:00.02 | Syncing Area.001
Fra:84 Mem:21.65M (Peak 21.65M) | Time:00:00.02 | Syncing Point
Fra:84 Mem:21.65M (Peak 21.65M) | Time:00:00.02 | Rendering 1 / 8 samples
Fra:84 Mem:21.55M (Peak 21.65M) | Time:00:01.56 | Rendering 8 / 8 samples
Saved: '/workspace/artifacts/gift-library/thumbnails/chrono-phoenix.png'
Time: 00:01.70 (Saving: 00:00.05)

Fra:84 Mem:21.54M (Peak 21.54M) | Time:00:00.01 | Syncing CoreCube
Fra:84 Mem:21.55M (Peak 21.55M) | Time:00:00.01 | Syncing Rig_mythic-atlas-sphere
Fra:84 Mem:21.56M (Peak 21.56M) | Time:00:00.01 | Syncing Orbiter_0
Fra:84 Mem:21.58M (Peak 21.58M) | Time:00:00.01 | Syncing Orbiter_1
Fra:84 Mem:21.60M (Peak 21.60M) | Time:00:00.01 | Syncing Orbiter_2
Fra:84 Mem:21.62M (Peak 21.62M) | Time:00:00.01 | Syncing Orbiter_3
Fra:84 Mem:21.63M (Peak 21.63M) | Time:00:00.01 | Syncing Orbiter_4
Fra:84 Mem:21.65M (Peak 21.65M) | Time:00:00.01 | Syncing Orbiter_5
Fra:84 Mem:21.67M (Peak 21.67M) | Time:00:00.01 | Syncing Orbiter_6
Fra:84 Mem:21.69M (Peak 21.69M) | Time:00:00.01 | Syncing GlowDisc
Fra:84 Mem:21.71M (Peak 21.71M) | Time:00:00.01 | Syncing GiftCam
Fra:84 Mem:21.71M (Peak 21.71M) | Time:00:00.01 | Syncing Area
Fra:84 Mem:21.71M (Peak 21.71M) | Time:00:00.01 | Syncing Area.001
Fra:84 Mem:21.71M (Peak 21.71M) | Time:00:00.01 | Syncing Point
Fra:84 Mem:21.70M (Peak 21.71M) | Time:00:00.02 | Rendering 1 / 8 samples
Fra:84 Mem:21.60M (Peak 21.71M) | Time:00:01.26 | Rendering 8 / 8 samples
Saved: '/workspace/artifacts/gift-library/thumbnails/mythic-atlas-sphere.png'
Time: 00:01.42 (Saving: 00:00.06)

Fra:84 Mem:21.52M (Peak 21.52M) | Time:00:00.02 | Syncing CorePillar
Fra:84 Mem:21.53M (Peak 21.53M) | Time:00:00.02 | Syncing Rig_eclipse-masquerade
Fra:84 Mem:21.54M (Peak 21.54M) | Time:00:00.02 | Syncing Orbiter_0
Fra:84 Mem:21.56M (Peak 21.56M) | Time:00:00.02 | Syncing Orbiter_1
Fra:84 Mem:21.58M (Peak 21.58M) | Time:00:00.02 | Syncing Orbiter_2
Fra:84 Mem:21.59M (Peak 21.59M) | Time:00:00.02 | Syncing Orbiter_3
Fra:84 Mem:21.61M (Peak 21.61M) | Time:00:00.02 | Syncing Orbiter_4
Fra:84 Mem:21.63M (Peak 21.63M) | Time:00:00.02 | Syncing Orbiter_5
Fra:84 Mem:21.65M (Peak 21.65M) | Time:00:00.02 | Syncing Orbiter_6
Fra:84 Mem:21.67M (Peak 21.67M) | Time:00:00.02 | Syncing GlowDisc
Fra:84 Mem:21.68M (Peak 21.68M) | Time:00:00.02 | Syncing GiftCam
Fra:84 Mem:21.68M (Peak 21.68M) | Time:00:00.02 | Syncing Area
Fra:84 Mem:21.69M (Peak 21.69M) | Time:00:00.02 | Syncing Area.001
Fra:84 Mem:21.69M (Peak 21.69M) | Time:00:00.02 | Syncing Point
Fra:84 Mem:21.68M (Peak 21.69M) | Time:00:00.02 | Rendering 1 / 8 samples
Fra:84 Mem:21.59M (Peak 21.69M) | Time:00:01.28 | Rendering 8 / 8 samples
Saved: '/workspace/artifacts/gift-library/thumbnails/eclipse-masquerade.png'
Time: 00:01.43 (Saving: 00:00.05)

Fra:84 Mem:21.71M (Peak 21.71M) | Time:00:00.02 | Syncing CoreTorus
Fra:84 Mem:21.79M (Peak 21.79M) | Time:00:00.02 | Syncing Rig_siren-observatory
Fra:84 Mem:21.80M (Peak 21.80M) | Time:00:00.02 | Syncing Orbiter_0
Fra:84 Mem:21.82M (Peak 21.82M) | Time:00:00.02 | Syncing Orbiter_1
Fra:84 Mem:21.84M (Peak 21.84M) | Time:00:00.02 | Syncing Orbiter_2
Fra:84 Mem:21.86M (Peak 21.86M) | Time:00:00.02 | Syncing Orbiter_3
Fra:84 Mem:21.87M (Peak 21.87M) | Time:00:00.02 | Syncing Orbiter_4
Fra:84 Mem:21.89M (Peak 21.89M) | Time:00:00.02 | Syncing Orbiter_5
Fra:84 Mem:21.91M (Peak 21.91M) | Time:00:00.02 | Syncing Orbiter_6
Fra:84 Mem:21.93M (Peak 21.93M) | Time:00:00.02 | Syncing GlowDisc
Fra:84 Mem:21.95M (Peak 21.95M) | Time:00:00.02 | Syncing GiftCam
Fra:84 Mem:21.95M (Peak 21.95M) | Time:00:00.02 | Syncing Area
Fra:84 Mem:21.95M (Peak 21.95M) | Time:00:00.02 | Syncing Area.001
Fra:84 Mem:21.95M (Peak 21.95M) | Time:00:00.02 | Syncing Point
Fra:84 Mem:21.94M (Peak 21.95M) | Time:00:00.03 | Rendering 1 / 8 samples
Fra:84 Mem:21.77M (Peak 21.95M) | Time:00:01.34 | Rendering 8 / 8 samples
Saved: '/workspace/artifacts/gift-library/thumbnails/siren-observatory.png'
Time: 00:01.50 (Saving: 00:00.05)

Fra:84 Mem:21.55M (Peak 21.55M) | Time:00:00.01 | Syncing CoreCrystal
Fra:84 Mem:21.56M (Peak 21.56M) | Time:00:00.01 | Syncing Rig_gilded-leviathan
Fra:84 Mem:21.56M (Peak 21.56M) | Time:00:00.01 | Syncing Orbiter_0
Fra:84 Mem:21.58M (Peak 21.58M) | Time:00:00.01 | Syncing Orbiter_1
Fra:84 Mem:21.60M (Peak 21.60M) | Time:00:00.01 | Syncing Orbiter_2
Fra:84 Mem:21.62M (Peak 21.62M) | Time:00:00.01 | Syncing Orbiter_3
Fra:84 Mem:21.64M (Peak 21.64M) | Time:00:00.01 | Syncing Orbiter_4
Fra:84 Mem:21.66M (Peak 21.66M) | Time:00:00.01 | Syncing Orbiter_5
Fra:84 Mem:21.68M (Peak 21.68M) | Time:00:00.01 | Syncing Orbiter_6
Fra:84 Mem:21.70M (Peak 21.70M) | Time:00:00.01 | Syncing GlowDisc
Fra:84 Mem:21.71M (Peak 21.71M) | Time:00:00.01 | Syncing GiftCam
Fra:84 Mem:21.71M (Peak 21.71M) | Time:00:00.01 | Syncing Area
Fra:84 Mem:21.71M (Peak 21.71M) | Time:00:00.01 | Syncing Area.001
Fra:84 Mem:21.71M (Peak 21.71M) | Time:00:00.01 | Syncing Point
Fra:84 Mem:21.71M (Peak 21.71M) | Time:00:00.02 | Rendering 1 / 8 samples
Fra:84 Mem:21.62M (Peak 21.71M) | Time:00:01.30 | Rendering 8 / 8 samples
Saved: '/workspace/artifacts/gift-library/thumbnails/gilded-leviathan.png'
Time: 00:01.45 (Saving: 00:00.05)

Fra:84 Mem:21.62M (Peak 21.62M) | Time:00:00.02 | Syncing CoreIco
Fra:84 Mem:21.65M (Peak 21.65M) | Time:00:00.02 | Syncing Rig_arc-reactor-bloom
Fra:84 Mem:21.65M (Peak 21.65M) | Time:00:00.02 | Syncing Orbiter_0
Fra:84 Mem:21.67M (Peak 21.67M) | Time:00:00.02 | Syncing Orbiter_1
Fra:84 Mem:21.69M (Peak 21.69M) | Time:00:00.02 | Syncing Orbiter_2
Fra:84 Mem:21.71M (Peak 21.71M) | Time:00:00.02 | Syncing Orbiter_3
Fra:84 Mem:21.73M (Peak 21.73M) | Time:00:00.02 | Syncing Orbiter_4
Fra:84 Mem:21.75M (Peak 21.75M) | Time:00:00.02 | Syncing Orbiter_5
Fra:84 Mem:21.77M (Peak 21.77M) | Time:00:00.02 | Syncing Orbiter_6
Fra:84 Mem:21.79M (Peak 21.79M) | Time:00:00.02 | Syncing GlowDisc
Fra:84 Mem:21.80M (Peak 21.80M) | Time:00:00.02 | Syncing GiftCam
Fra:84 Mem:21.80M (Peak 21.80M) | Time:00:00.02 | Syncing Area
Fra:84 Mem:21.80M (Peak 21.80M) | Time:00:00.02 | Syncing Area.001
Fra:84 Mem:21.80M (Peak 21.80M) | Time:00:00.02 | Syncing Point
Fra:84 Mem:21.80M (Peak 21.80M) | Time:00:00.03 | Rendering 1 / 8 samples
Fra:84 Mem:21.68M (Peak 21.80M) | Time:00:01.30 | Rendering 8 / 8 samples
Saved: '/workspace/artifacts/gift-library/thumbnails/arc-reactor-bloom.png'
Time: 00:01.47 (Saving: 00:00.06)


11:56:02 | INFO: Extracting primitive: Cylinder
11:56:02 | INFO: Primitives created: 1
11:56:02 | INFO: Extracting primitive: Icosphere
11:56:02 | INFO: Primitives created: 1
11:56:02 | INFO: Finished glTF 2.0 export in 0.04717707633972168 s

[OK] #045 tempest-throne glb=195168B
Info: Saved "chrono-phoenix.blend"
11:56:03 | ERROR: Draco mesh compression is not available because library could not be found at /usr/bin/4.0/python/lib/python3.12/site-packages/libextern_draco.so
11:56:03 | INFO: Starting glTF 2.0 export
11:56:03 | INFO: Extracting primitive: Sphere
11:56:03 | INFO: Primitives created: 1
11:56:03 | INFO: Extracting primitive: Sphere.001
11:56:03 | INFO: Primitives created: 1
11:56:03 | INFO: Extracting primitive: Sphere.002
11:56:03 | INFO: Primitives created: 1
11:56:03 | INFO: Extracting primitive: Sphere.003
11:56:03 | INFO: Primitives created: 1
11:56:03 | INFO: Extracting primitive: Sphere.004
11:56:03 | INFO: Primitives created: 1
11:56:03 | INFO: Extracting primitive: Sphere.005
11:56:03 | INFO: Primitives created: 1
11:56:03 | INFO: Extracting primitive: Sphere.006
11:56:03 | INFO: Primitives created: 1
11:56:03 | INFO: Extracting primitive: Cylinder
11:56:03 | INFO: Primitives created: 1
11:56:03 | INFO: Extracting primitive: Cone
11:56:03 | INFO: Primitives created: 1
11:56:03 | INFO: Finished glTF 2.0 export in 0.046159982681274414 s

[OK] #046 chrono-phoenix glb=163396B
Info: Saved "mythic-atlas-sphere.blend"
11:56:05 | ERROR: Draco mesh compression is not available because library could not be found at /usr/bin/4.0/python/lib/python3.12/site-packages/libextern_draco.so
11:56:05 | INFO: Starting glTF 2.0 export
11:56:05 | INFO: Extracting primitive: Sphere
11:56:05 | INFO: Primitives created: 1
11:56:05 | INFO: Extracting primitive: Sphere.001
11:56:05 | INFO: Primitives created: 1
11:56:05 | INFO: Extracting primitive: Sphere.002
11:56:05 | INFO: Primitives created: 1
11:56:05 | INFO: Extracting primitive: Sphere.003
11:56:05 | INFO: Primitives created: 1
11:56:05 | INFO: Extracting primitive: Sphere.004
11:56:05 | INFO: Primitives created: 1
11:56:05 | INFO: Extracting primitive: Sphere.005
11:56:05 | INFO: Primitives created: 1
11:56:05 | INFO: Extracting primitive: Sphere.006
11:56:05 | INFO: Primitives created: 1
11:56:05 | INFO: Extracting primitive: Cylinder
11:56:05 | INFO: Primitives created: 1
11:56:05 | INFO: Extracting primitive: Cube
11:56:05 | INFO: Primitives created: 1
11:56:05 | INFO: Finished glTF 2.0 export in 0.047495126724243164 s

[OK] #047 mythic-atlas-sphere glb=176012B
Info: Saved "eclipse-masquerade.blend"
11:56:06 | ERROR: Draco mesh compression is not available because library could not be found at /usr/bin/4.0/python/lib/python3.12/site-packages/libextern_draco.so
11:56:06 | INFO: Starting glTF 2.0 export
11:56:06 | INFO: Extracting primitive: Sphere
11:56:06 | INFO: Primitives created: 1
11:56:06 | INFO: Extracting primitive: Sphere.001
11:56:06 | INFO: Primitives created: 1
11:56:06 | INFO: Extracting primitive: Sphere.002
11:56:06 | INFO: Primitives created: 1
11:56:06 | INFO: Extracting primitive: Sphere.003
11:56:06 | INFO: Primitives created: 1
11:56:06 | INFO: Extracting primitive: Sphere.004
11:56:06 | INFO: Primitives created: 1
11:56:06 | INFO: Extracting primitive: Sphere.005
11:56:06 | INFO: Primitives created: 1
11:56:06 | INFO: Extracting primitive: Sphere.006
11:56:06 | INFO: Primitives created: 1
11:56:06 | INFO: Extracting primitive: Cylinder.001
11:56:06 | INFO: Primitives created: 1
11:56:06 | INFO: Extracting primitive: Cylinder
11:56:06 | INFO: Primitives created: 1
11:56:06 | INFO: Finished glTF 2.0 export in 0.044956207275390625 s

[OK] #048 eclipse-masquerade glb=165160B
Info: Saved "siren-observatory.blend"
11:56:08 | ERROR: Draco mesh compression is not available because library could not be found at /usr/bin/4.0/python/lib/python3.12/site-packages/libextern_draco.so
11:56:08 | INFO: Starting glTF 2.0 export
11:56:08 | INFO: Extracting primitive: Sphere
11:56:08 | INFO: Primitives created: 1
11:56:08 | INFO: Extracting primitive: Sphere.001
11:56:08 | INFO: Primitives created: 1
11:56:08 | INFO: Extracting primitive: Sphere.002
11:56:08 | INFO: Primitives created: 1
11:56:08 | INFO: Extracting primitive: Sphere.003
11:56:08 | INFO: Primitives created: 1
11:56:08 | INFO: Extracting primitive: Sphere.004
11:56:08 | INFO: Primitives created: 1
11:56:08 | INFO: Extracting primitive: Sphere.005
11:56:08 | INFO: Primitives created: 1
11:56:08 | INFO: Extracting primitive: Sphere.006
11:56:08 | INFO: Primitives created: 1
11:56:08 | INFO: Extracting primitive: Cylinder
11:56:08 | INFO: Primitives created: 1
11:56:08 | INFO: Extracting primitive: Torus
11:56:08 | INFO: Primitives created: 1
11:56:08 | INFO: Finished glTF 2.0 export in 0.048233747482299805 s

[OK] #049 siren-observatory glb=270116B
Info: Saved "gilded-leviathan.blend"
11:56:10 | ERROR: Draco mesh compression is not available because library could not be found at /usr/bin/4.0/python/lib/python3.12/site-packages/libextern_draco.so
11:56:10 | INFO: Starting glTF 2.0 export
11:56:10 | INFO: Extracting primitive: Sphere
11:56:10 | INFO: Primitives created: 1
11:56:10 | INFO: Extracting primitive: Sphere.001
11:56:10 | INFO: Primitives created: 1
11:56:10 | INFO: Extracting primitive: Sphere.002
11:56:10 | INFO: Primitives created: 1
11:56:10 | INFO: Extracting primitive: Sphere.003
11:56:10 | INFO: Primitives created: 1
11:56:10 | INFO: Extracting primitive: Sphere.004
11:56:10 | INFO: Primitives created: 1
11:56:10 | INFO: Extracting primitive: Sphere.005
11:56:10 | INFO: Primitives created: 1
11:56:10 | INFO: Extracting primitive: Sphere.006
11:56:10 | INFO: Primitives created: 1
11:56:10 | INFO: Extracting primitive: Cylinder
11:56:10 | INFO: Primitives created: 1
11:56:10 | INFO: Extracting primitive: Cone
11:56:10 | INFO: Primitives created: 1
11:56:10 | INFO: Finished glTF 2.0 export in 0.06422734260559082 s

[OK] #050 gilded-leviathan glb=161924B
Info: Saved "arc-reactor-bloom.blend"
11:56:11 | ERROR: Draco mesh compression is not available because library could not be found at /usr/bin/4.0/python/lib/python3.12/site-packages/libextern_draco.so
11:56:11 | INFO: Starting glTF 2.0 export
11:56:11 | INFO: Extracting primitive: Sphere
11:56:11 | INFO: Primitives created: 1
11:56:11 | INFO: Extracting primitive: Sphere.001
11:56:11 | INFO: Primitives created: 1
11:56:11 | INFO: Extracting primitive: Sphere.002
11:56:11 | INFO: Primitives created: 1
11:56:11 | INFO: Extracting primitive: Sphere.003
11:56:11 | INFO: Primitives created: 1
11:56:11 | INFO: Extracting primitive: Sphere.004
11:56:11 | INFO: Primitives created: 1
11:56:11 | INFO: Extracting primitive: Sphere.005
11:56:11 | INFO: Primitives created: 1
11:56:11 | INFO: Extracting primitive: Sphere.006
11:56:11 | INFO: Primitives created: 1
11:56:11 | INFO: Extracting primitive: Cylinder
11:56:11 | INFO: Primitives created: 1
11:56:11 | INFO: Extracting primitive: Icosphere
11:56:11 | INFO: Primitives created: 1
11:56:11 | INFO: Finished glTF 2.0 export in 0.04605865478515625 s

[OK] #051 arc-reactor-bloom glb=195320B
Info: Saved "winter-sovereign.blend"
11:56:13 | ERROR: Draco mesh compression is not available because library could not be found at /usr/bin/4.0/python/lib/python3.12/site-packages/libextern_draco.so
11:56:13 | INFO: Starting glTF 2.0 export
11:56:13 | INFO: Extracting primitive: Sphere
11:56:13 | INFO: Primitives created: 1
11:56:13 | INFO: Extracting primitive: Sphere.001
11:56:13 | INFO: Primitives created: 1
11:56:13 | INFO: Extracting primitive: Sphere.002
11:56:13 | INFO: Primitives created: 1
11:56:13 | INFO: Extracting primitive: Sphere.003
11:56:13 | INFO: Primitives created: 1
11:56:13 | INFO: Extracting primitive: Sphere.004
11:56:13 | INFO: Primitives created: 1
11:56:13 | INFO: Extracting primitive: Sphere.005
11:56:13 | INFO: Primitives created: 1
11:56:13 | INFO: Extracting primitive: Sphere.006
11:56:13 | INFO: Primitives created: 1
11:56:13 | INFO: Extracting primitive: Cylinder
11:56:13 | INFO: Primitives created: 1
11:56:13 | INFO: Extracting primitive: Icosphere
11:56:13 | INFO: Primitives created: 1
11:56:13 | INFO: Finished glTF 2.0 export in 0.04649662971496582 sFra:84 Mem:21.64M (Peak 21.64M) | Time:00:00.02 | Syncing CoreIco
Fra:84 Mem:21.66M (Peak 21.66M) | Time:00:00.02 | Syncing Rig_winter-sovereign
Fra:84 Mem:21.67M (Peak 21.67M) | Time:00:00.02 | Syncing Orbiter_0
Fra:84 Mem:21.69M (Peak 21.69M) | Time:00:00.02 | Syncing Orbiter_1
Fra:84 Mem:21.71M (Peak 21.71M) | Time:00:00.02 | Syncing Orbiter_2
Fra:84 Mem:21.73M (Peak 21.73M) | Time:00:00.02 | Syncing Orbiter_3
Fra:84 Mem:21.74M (Peak 21.74M) | Time:00:00.02 | Syncing Orbiter_4
Fra:84 Mem:21.76M (Peak 21.76M) | Time:00:00.02 | Syncing Orbiter_5
Fra:84 Mem:21.78M (Peak 21.78M) | Time:00:00.02 | Syncing Orbiter_6
Fra:84 Mem:21.80M (Peak 21.80M) | Time:00:00.02 | Syncing GlowDisc
Fra:84 Mem:21.82M (Peak 21.82M) | Time:00:00.02 | Syncing GiftCam
Fra:84 Mem:21.82M (Peak 21.82M) | Time:00:00.02 | Syncing Area
Fra:84 Mem:21.82M (Peak 21.82M) | Time:00:00.02 | Syncing Area.001
Fra:84 Mem:21.82M (Peak 21.82M) | Time:00:00.02 | Syncing Point
Fra:84 Mem:21.81M (Peak 21.82M) | Time:00:00.03 | Rendering 1 / 8 samples
Fra:84 Mem:21.70M (Peak 21.82M) | Time:00:01.33 | Rendering 8 / 8 samples
Saved: '/workspace/artifacts/gift-library/thumbnails/winter-sovereign.png'
Time: 00:01.48 (Saving: 00:00.05)

Fra:84 Mem:21.65M (Peak 21.65M) | Time:00:00.01 | Syncing CoreIco
Fra:84 Mem:21.68M (Peak 21.68M) | Time:00:00.01 | Syncing Rig_infernal-ballet
Fra:84 Mem:21.68M (Peak 21.68M) | Time:00:00.01 | Syncing Orbiter_0
Fra:84 Mem:21.70M (Peak 21.70M) | Time:00:00.02 | Syncing Orbiter_1
Fra:84 Mem:21.72M (Peak 21.72M) | Time:00:00.02 | Syncing Orbiter_2
Fra:84 Mem:21.74M (Peak 21.74M) | Time:00:00.02 | Syncing Orbiter_3
Fra:84 Mem:21.76M (Peak 21.76M) | Time:00:00.02 | Syncing Orbiter_4
Fra:84 Mem:21.78M (Peak 21.78M) | Time:00:00.02 | Syncing Orbiter_5
Fra:84 Mem:21.80M (Peak 21.80M) | Time:00:00.02 | Syncing Orbiter_6
Fra:84 Mem:21.82M (Peak 21.82M) | Time:00:00.02 | Syncing GlowDisc
Fra:84 Mem:21.83M (Peak 21.83M) | Time:00:00.02 | Syncing GiftCam
Fra:84 Mem:21.83M (Peak 21.83M) | Time:00:00.02 | Syncing Area
Fra:84 Mem:21.83M (Peak 21.83M) | Time:00:00.02 | Syncing Area.001
Fra:84 Mem:21.83M (Peak 21.83M) | Time:00:00.02 | Syncing Point
Fra:84 Mem:21.83M (Peak 21.83M) | Time:00:00.02 | Rendering 1 / 8 samples
Fra:84 Mem:21.71M (Peak 21.83M) | Time:00:01.35 | Rendering 8 / 8 samples
Saved: '/workspace/artifacts/gift-library/thumbnails/infernal-ballet.png'
Time: 00:01.50 (Saving: 00:00.05)

Fra:84 Mem:21.79M (Peak 21.79M) | Time:00:00.02 | Syncing CoreTorus
Fra:84 Mem:21.87M (Peak 21.87M) | Time:00:00.02 | Syncing Rig_oracle-spire
Fra:84 Mem:21.87M (Peak 21.87M) | Time:00:00.02 | Syncing Orbiter_0
Fra:84 Mem:21.89M (Peak 21.89M) | Time:00:00.02 | Syncing Orbiter_1
Fra:84 Mem:21.91M (Peak 21.91M) | Time:00:00.02 | Syncing Orbiter_2
Fra:84 Mem:21.93M (Peak 21.93M) | Time:00:00.02 | Syncing Orbiter_3
Fra:84 Mem:21.95M (Peak 21.95M) | Time:00:00.02 | Syncing Orbiter_4
Fra:84 Mem:21.97M (Peak 21.97M) | Time:00:00.02 | Syncing Orbiter_5
Fra:84 Mem:21.99M (Peak 21.99M) | Time:00:00.02 | Syncing Orbiter_6
Fra:84 Mem:22.01M (Peak 22.01M) | Time:00:00.02 | Syncing GlowDisc
Fra:84 Mem:22.02M (Peak 22.02M) | Time:00:00.02 | Syncing GiftCam
Fra:84 Mem:22.02M (Peak 22.02M) | Time:00:00.02 | Syncing Area
Fra:84 Mem:22.02M (Peak 22.02M) | Time:00:00.02 | Syncing Area.001
Fra:84 Mem:22.02M (Peak 22.02M) | Time:00:00.02 | Syncing Point
Fra:84 Mem:22.02M (Peak 22.02M) | Time:00:00.02 | Rendering 1 / 8 samples
Fra:84 Mem:21.85M (Peak 22.02M) | Time:00:01.35 | Rendering 8 / 8 samples
Saved: '/workspace/artifacts/gift-library/thumbnails/oracle-spire.png'
Time: 00:01.51 (Saving: 00:00.05)

Fra:84 Mem:21.88M (Peak 21.88M) | Time:00:00.01 | Syncing CoreSphere
Fra:84 Mem:22.00M (Peak 22.00M) | Time:00:00.01 | Syncing Rig_celestine-warhorn
Fra:84 Mem:22.00M (Peak 22.00M) | Time:00:00.01 | Syncing Orbiter_0
Fra:84 Mem:22.03M (Peak 22.03M) | Time:00:00.01 | Syncing Orbiter_1
Fra:84 Mem:22.04M (Peak 22.04M) | Time:00:00.01 | Syncing Orbiter_2
Fra:84 Mem:22.06M (Peak 22.06M) | Time:00:00.01 | Syncing Orbiter_3
Fra:84 Mem:22.08M (Peak 22.08M) | Time:00:00.01 | Syncing Orbiter_4
Fra:84 Mem:22.10M (Peak 22.10M) | Time:00:00.01 | Syncing Orbiter_5
Fra:84 Mem:22.12M (Peak 22.12M) | Time:00:00.01 | Syncing Orbiter_6
Fra:84 Mem:22.14M (Peak 22.14M) | Time:00:00.01 | Syncing GlowDisc
Fra:84 Mem:22.15M (Peak 22.15M) | Time:00:00.01 | Syncing GiftCam
Fra:84 Mem:22.15M (Peak 22.15M) | Time:00:00.01 | Syncing Area
Fra:84 Mem:22.15M (Peak 22.15M) | Time:00:00.01 | Syncing Area.001
Fra:84 Mem:22.15M (Peak 22.15M) | Time:00:00.01 | Syncing Point
Fra:84 Mem:22.15M (Peak 22.15M) | Time:00:00.02 | Rendering 1 / 8 samples
Fra:84 Mem:21.95M (Peak 22.15M) | Time:00:01.39 | Rendering 8 / 8 samples
Saved: '/workspace/artifacts/gift-library/thumbnails/celestine-warhorn.png'
Time: 00:01.56 (Saving: 00:00.05)

Fra:84 Mem:21.68M (Peak 21.68M) | Time:00:00.02 | Syncing CoreCube
Fra:84 Mem:21.69M (Peak 21.69M) | Time:00:00.02 | Syncing Rig_emerald-behemoth
Fra:84 Mem:21.70M (Peak 21.70M) | Time:00:00.02 | Syncing Orbiter_0
Fra:84 Mem:21.72M (Peak 21.72M) | Time:00:00.02 | Syncing Orbiter_1
Fra:84 Mem:21.74M (Peak 21.74M) | Time:00:00.02 | Syncing Orbiter_2
Fra:84 Mem:21.76M (Peak 21.76M) | Time:00:00.02 | Syncing Orbiter_3
Fra:84 Mem:21.78M (Peak 21.78M) | Time:00:00.02 | Syncing Orbiter_4
Fra:84 Mem:21.80M (Peak 21.80M) | Time:00:00.02 | Syncing Orbiter_5
Fra:84 Mem:21.82M (Peak 21.82M) | Time:00:00.02 | Syncing Orbiter_6
Fra:84 Mem:21.83M (Peak 21.83M) | Time:00:00.02 | Syncing GlowDisc
Fra:84 Mem:21.85M (Peak 21.85M) | Time:00:00.02 | Syncing GiftCam
Fra:84 Mem:21.85M (Peak 21.85M) | Time:00:00.02 | Syncing Area
Fra:84 Mem:21.85M (Peak 21.85M) | Time:00:00.02 | Syncing Area.001
Fra:84 Mem:21.85M (Peak 21.85M) | Time:00:00.02 | Syncing Point
Fra:84 Mem:21.84M (Peak 21.85M) | Time:00:00.02 | Rendering 1 / 8 samples
Fra:84 Mem:21.74M (Peak 21.85M) | Time:00:01.34 | Rendering 8 / 8 samples
Saved: '/workspace/artifacts/gift-library/thumbnails/emerald-behemoth.png'
Time: 00:01.50 (Saving: 00:00.06)

Fra:84 Mem:21.92M (Peak 21.92M) | Time:00:00.01 | Syncing CoreSphere
Fra:84 Mem:22.03M (Peak 22.03M) | Time:00:00.01 | Syncing Rig_rift-ballet
Fra:84 Mem:22.04M (Peak 22.04M) | Time:00:00.01 | Syncing Orbiter_0
Fra:84 Mem:22.06M (Peak 22.06M) | Time:00:00.01 | Syncing Orbiter_1
Fra:84 Mem:22.08M (Peak 22.08M) | Time:00:00.01 | Syncing Orbiter_2
Fra:84 Mem:22.10M (Peak 22.10M) | Time:00:00.01 | Syncing Orbiter_3
Fra:84 Mem:22.11M (Peak 22.11M) | Time:00:00.01 | Syncing Orbiter_4
Fra:84 Mem:22.13M (Peak 22.13M) | Time:00:00.01 | Syncing Orbiter_5
Fra:84 Mem:22.15M (Peak 22.15M) | Time:00:00.01 | Syncing Orbiter_6
Fra:84 Mem:22.17M (Peak 22.17M) | Time:00:00.01 | Syncing GlowDisc
Fra:84 Mem:22.19M (Peak 22.19M) | Time:00:00.01 | Syncing GiftCam
Fra:84 Mem:22.19M (Peak 22.19M) | Time:00:00.01 | Syncing Area
Fra:84 Mem:22.19M (Peak 22.19M) | Time:00:00.01 | Syncing Area.001
Fra:84 Mem:22.19M (Peak 22.19M) | Time:00:00.01 | Syncing Point
Fra:84 Mem:22.18M (Peak 22.19M) | Time:00:00.02 | Rendering 1 / 8 samples
Fra:84 Mem:21.98M (Peak 22.19M) | Time:00:01.35 | Rendering 8 / 8 samples
Saved: '/workspace/artifacts/gift-library/thumbnails/rift-ballet.png'
Time: 00:01.51 (Saving: 00:00.05)

Fra:84 Mem:21.68M (Peak 21.68M) | Time:00:00.01 | Syncing CoreCrystal
Fra:84 Mem:21.68M (Peak 21.68M) | Time:00:00.01 | Syncing Rig_stormwright-anvil
Fra:84 Mem:21.69M (Peak 21.69M) | Time:00:00.01 | Syncing Orbiter_0
Fra:84 Mem:21.71M (Peak 21.71M) | Time:00:00.01 | Syncing Orbiter_1
Fra:84 Mem:21.73M (Peak 21.73M) | Time:00:00.01 | Syncing Orbiter_2
Fra:84 Mem:21.75M (Peak 21.75M) | Time:00:00.01 | Syncing Orbiter_3
Fra:84 Mem:21.77M (Peak 21.77M) | Time:00:00.01 | Syncing Orbiter_4
Fra:84 Mem:21.79M (Peak 21.79M) | Time:00:00.01 | Syncing Orbiter_5
Fra:84 Mem:21.81M (Peak 21.81M) | Time:00:00.01 | Syncing Orbiter_6
Fra:84 Mem:21.82M (Peak 21.82M) | Time:00:00.01 | Syncing GlowDisc
Fra:84 Mem:21.84M (Peak 21.84M) | Time:00:00.01 | Syncing GiftCam
Fra:84 Mem:21.84M (Peak 21.84M) | Time:00:00.01 | Syncing Area
Fra:84 Mem:21.84M (Peak 21.84M) | Time:00:00.01 | Syncing Area.001
Fra:84 Mem:21.84M (Peak 21.84M) | Time:00:00.01 | Syncing Point
Fra:84 Mem:21.83M (Peak 21.84M) | Time:00:00.02 | Rendering 1 / 8 samples
Fra:84 Mem:21.74M (Peak 21.84M) | Time:00:01.33 | Rendering 8 / 8 samples
Saved: '/workspace/artifacts/gift-library/thumbnails/stormwright-anvil.png'
Time: 00:01.48 (Saving: 00:00.04)

Fra:84 Mem:21.70M (Peak 21.70M) | Time:00:00.01 | Syncing CorePillar
Fra:84 Mem:21.70M (Peak 21.70M) | Time:00:00.01 | Syncing Rig_moonwell-cascade
Fra:84 Mem:21.71M (Peak 21.71M) | Time:00:00.01 | Syncing Orbiter_0
Fra:84 Mem:21.73M (Peak 21.73M) | Time:00:00.01 | Syncing Orbiter_1
Fra:84 Mem:21.75M (Peak 21.75M) | Time:00:00.01 | Syncing Orbiter_2
Fra:84 Mem:21.77M (Peak 21.77M) | Time:00:00.01 | Syncing Orbiter_3
Fra:84 Mem:21.79M (Peak 21.79M) | Time:00:00.01 | Syncing Orbiter_4
Fra:84 Mem:21.81M (Peak 21.81M) | Time:00:00.01 | Syncing Orbiter_5
Fra:84 Mem:21.83M (Peak 21.83M) | Time:00:00.01 | Syncing Orbiter_6
Fra:84 Mem:21.85M (Peak 21.85M) | Time:00:00.01 | Syncing GlowDisc
Fra:84 Mem:21.86M (Peak 21.86M) | Time:00:00.01 | Syncing GiftCam
Fra:84 Mem:21.86M (Peak 21.86M) | Time:00:00.01 | Syncing Area
Fra:84 Mem:21.86M (Peak 21.86M) | Time:00:00.01 | Syncing Area.001
Fra:84 Mem:21.86M (Peak 21.86M) | Time:00:00.01 | Syncing Point
Fra:84 Mem:21.85M (Peak 21.86M) | Time:00:00.02 | Rendering 1 / 8 samples
Fra:84 Mem:21.76M (Peak 21.86M) | Time:00:01.32 | Rendering 8 / 8 samples
Saved: '/workspace/artifacts/gift-library/thumbnails/moonwell-cascade.png'
Time: 00:01.46 (Saving: 00:00.05)



[OK] #052 winter-sovereign glb=195176B
Info: Saved "infernal-ballet.blend"
11:56:14 | ERROR: Draco mesh compression is not available because library could not be found at /usr/bin/4.0/python/lib/python3.12/site-packages/libextern_draco.so
11:56:14 | INFO: Starting glTF 2.0 export
11:56:14 | INFO: Extracting primitive: Sphere
11:56:14 | INFO: Primitives created: 1
11:56:14 | INFO: Extracting primitive: Sphere.001
11:56:14 | INFO: Primitives created: 1
11:56:14 | INFO: Extracting primitive: Sphere.002
11:56:14 | INFO: Primitives created: 1
11:56:14 | INFO: Extracting primitive: Sphere.003
11:56:14 | INFO: Primitives created: 1
11:56:14 | INFO: Extracting primitive: Sphere.004
11:56:14 | INFO: Primitives created: 1
11:56:14 | INFO: Extracting primitive: Sphere.005
11:56:14 | INFO: Primitives created: 1
11:56:14 | INFO: Extracting primitive: Sphere.006
11:56:14 | INFO: Primitives created: 1
11:56:14 | INFO: Extracting primitive: Cylinder
11:56:14 | INFO: Primitives created: 1
11:56:14 | INFO: Extracting primitive: Icosphere
11:56:14 | INFO: Primitives created: 1
11:56:14 | INFO: Finished glTF 2.0 export in 0.04598641395568848 s

[OK] #053 infernal-ballet glb=195312B
Info: Saved "oracle-spire.blend"
11:56:16 | ERROR: Draco mesh compression is not available because library could not be found at /usr/bin/4.0/python/lib/python3.12/site-packages/libextern_draco.so
11:56:16 | INFO: Starting glTF 2.0 export
11:56:16 | INFO: Extracting primitive: Sphere
11:56:16 | INFO: Primitives created: 1
11:56:16 | INFO: Extracting primitive: Sphere.001
11:56:16 | INFO: Primitives created: 1
11:56:16 | INFO: Extracting primitive: Sphere.002
11:56:16 | INFO: Primitives created: 1
11:56:16 | INFO: Extracting primitive: Sphere.003
11:56:16 | INFO: Primitives created: 1
11:56:16 | INFO: Extracting primitive: Sphere.004
11:56:16 | INFO: Primitives created: 1
11:56:16 | INFO: Extracting primitive: Sphere.005
11:56:16 | INFO: Primitives created: 1
11:56:16 | INFO: Extracting primitive: Sphere.006
11:56:16 | INFO: Primitives created: 1
11:56:16 | INFO: Extracting primitive: Cylinder
11:56:16 | INFO: Primitives created: 1
11:56:16 | INFO: Extracting primitive: Torus
11:56:16 | INFO: Primitives created: 1
11:56:16 | INFO: Finished glTF 2.0 export in 0.0487515926361084 s

[OK] #054 oracle-spire glb=270092B
Info: Saved "celestine-warhorn.blend"
11:56:17 | ERROR: Draco mesh compression is not available because library could not be found at /usr/bin/4.0/python/lib/python3.12/site-packages/libextern_draco.so
11:56:17 | INFO: Starting glTF 2.0 export
11:56:17 | INFO: Extracting primitive: Sphere.001
11:56:17 | INFO: Primitives created: 1
11:56:17 | INFO: Extracting primitive: Sphere.002
11:56:17 | INFO: Primitives created: 1
11:56:17 | INFO: Extracting primitive: Sphere.003
11:56:17 | INFO: Primitives created: 1
11:56:17 | INFO: Extracting primitive: Sphere.004
11:56:17 | INFO: Primitives created: 1
11:56:17 | INFO: Extracting primitive: Sphere.005
11:56:17 | INFO: Primitives created: 1
11:56:17 | INFO: Extracting primitive: Sphere.006
11:56:17 | INFO: Primitives created: 1
11:56:17 | INFO: Extracting primitive: Sphere.007
11:56:17 | INFO: Primitives created: 1
11:56:17 | INFO: Extracting primitive: Cylinder
11:56:17 | INFO: Primitives created: 1
11:56:17 | INFO: Extracting primitive: Sphere
11:56:17 | INFO: Primitives created: 1
11:56:17 | INFO: Finished glTF 2.0 export in 0.050455331802368164 s

[OK] #055 celestine-warhorn glb=318728B
Info: Saved "emerald-behemoth.blend"
11:56:19 | ERROR: Draco mesh compression is not available because library could not be found at /usr/bin/4.0/python/lib/python3.12/site-packages/libextern_draco.so
11:56:19 | INFO: Starting glTF 2.0 export
11:56:19 | INFO: Extracting primitive: Sphere
11:56:19 | INFO: Primitives created: 1
11:56:19 | INFO: Extracting primitive: Sphere.001
11:56:19 | INFO: Primitives created: 1
11:56:19 | INFO: Extracting primitive: Sphere.002
11:56:19 | INFO: Primitives created: 1
11:56:19 | INFO: Extracting primitive: Sphere.003
11:56:19 | INFO: Primitives created: 1
11:56:19 | INFO: Extracting primitive: Sphere.004
11:56:19 | INFO: Primitives created: 1
11:56:19 | INFO: Extracting primitive: Sphere.005
11:56:19 | INFO: Primitives created: 1
11:56:19 | INFO: Extracting primitive: Sphere.006
11:56:19 | INFO: Primitives created: 1
11:56:19 | INFO: Extracting primitive: Cylinder
11:56:19 | INFO: Primitives created: 1
11:56:19 | INFO: Extracting primitive: Cube
11:56:19 | INFO: Primitives created: 1
11:56:19 | INFO: Finished glTF 2.0 export in 0.06504011154174805 s

[OK] #056 emerald-behemoth glb=175996B
Info: Saved "rift-ballet.blend"
11:56:21 | ERROR: Draco mesh compression is not available because library could not be found at /usr/bin/4.0/python/lib/python3.12/site-packages/libextern_draco.so
11:56:21 | INFO: Starting glTF 2.0 export
11:56:21 | INFO: Extracting primitive: Sphere.001
11:56:21 | INFO: Primitives created: 1
11:56:21 | INFO: Extracting primitive: Sphere.002
11:56:21 | INFO: Primitives created: 1
11:56:21 | INFO: Extracting primitive: Sphere.003
11:56:21 | INFO: Primitives created: 1
11:56:21 | INFO: Extracting primitive: Sphere.004
11:56:21 | INFO: Primitives created: 1
11:56:21 | INFO: Extracting primitive: Sphere.005
11:56:21 | INFO: Primitives created: 1
11:56:21 | INFO: Extracting primitive: Sphere.006
11:56:21 | INFO: Primitives created: 1
11:56:21 | INFO: Extracting primitive: Sphere.007
11:56:21 | INFO: Primitives created: 1
11:56:21 | INFO: Extracting primitive: Cylinder
11:56:21 | INFO: Primitives created: 1
11:56:21 | INFO: Extracting primitive: Sphere
11:56:21 | INFO: Primitives created: 1
11:56:21 | INFO: Finished glTF 2.0 export in 0.05005049705505371 s

[OK] #057 rift-ballet glb=318696B
Info: Saved "stormwright-anvil.blend"
11:56:22 | ERROR: Draco mesh compression is not available because library could not be found at /usr/bin/4.0/python/lib/python3.12/site-packages/libextern_draco.so
11:56:22 | INFO: Starting glTF 2.0 export
11:56:22 | INFO: Extracting primitive: Sphere
11:56:22 | INFO: Primitives created: 1
11:56:22 | INFO: Extracting primitive: Sphere.001
11:56:22 | INFO: Primitives created: 1
11:56:22 | INFO: Extracting primitive: Sphere.002
11:56:22 | INFO: Primitives created: 1
11:56:22 | INFO: Extracting primitive: Sphere.003
11:56:22 | INFO: Primitives created: 1
11:56:22 | INFO: Extracting primitive: Sphere.004
11:56:22 | INFO: Primitives created: 1
11:56:22 | INFO: Extracting primitive: Sphere.005
11:56:22 | INFO: Primitives created: 1
11:56:22 | INFO: Extracting primitive: Sphere.006
11:56:22 | INFO: Primitives created: 1
11:56:22 | INFO: Extracting primitive: Cylinder
11:56:22 | INFO: Primitives created: 1
11:56:22 | INFO: Extracting primitive: Cone
11:56:22 | INFO: Primitives created: 1
11:56:22 | INFO: Finished glTF 2.0 export in 0.04564046859741211 s

[OK] #058 stormwright-anvil glb=163548B
Info: Saved "moonwell-cascade.blend"
11:56:24 | ERROR: Draco mesh compression is not available because library could not be found at /usr/bin/4.0/python/lib/python3.12/site-packages/libextern_draco.so
11:56:24 | INFO: Starting glTF 2.0 export
11:56:24 | INFO: Extracting primitive: Sphere
11:56:24 | INFO: Primitives created: 1
11:56:24 | INFO: Extracting primitive: Sphere.001
11:56:24 | INFO: Primitives created: 1
11:56:24 | INFO: Extracting primitive: Sphere.002
11:56:24 | INFO: Primitives created: 1
11:56:24 | INFO: Extracting primitive: Sphere.003
11:56:24 | INFO: Primitives created: 1
11:56:24 | INFO: Extracting primitive: Sphere.004
11:56:24 | INFO: Primitives created: 1
11:56:24 | INFO: Extracting primitive: Sphere.005
11:56:24 | INFO: Primitives created: 1
11:56:24 | INFO: Extracting primitive: Sphere.006
11:56:24 | INFO: Primitives created: 1
11:56:24 | INFO: Extracting primitive: Cylinder.001
11:56:24 | INFO: Primitives created: 1
11:56:24 | INFO: Extracting primitive: Cylinder
11:56:24 | INFO: Primitives created: 1
11:56:24 | INFO: Finished glTF 2.0 export in 0.045101165771484375 s

[OK] #059 moonwell-cascade glb=165152B
Info: Saved "aether-colossus.blend"
11:56:25 | ERROR: Draco mesh compression is not available because library could not be found at /usr/bin/4.0/python/lib/python3.12/site-packages/libextern_draco.soFra:84 Mem:21.88M (Peak 21.88M) | Time:00:00.01 | Syncing CoreTorus
Fra:84 Mem:21.97M (Peak 21.97M) | Time:00:00.01 | Syncing Rig_aether-colossus
Fra:84 Mem:21.97M (Peak 21.97M) | Time:00:00.01 | Syncing Orbiter_0
Fra:84 Mem:21.99M (Peak 21.99M) | Time:00:00.01 | Syncing Orbiter_1
Fra:84 Mem:22.01M (Peak 22.01M) | Time:00:00.01 | Syncing Orbiter_2
Fra:84 Mem:22.03M (Peak 22.03M) | Time:00:00.01 | Syncing Orbiter_3
Fra:84 Mem:22.05M (Peak 22.05M) | Time:00:00.01 | Syncing Orbiter_4
Fra:84 Mem:22.07M (Peak 22.07M) | Time:00:00.01 | Syncing Orbiter_5
Fra:84 Mem:22.09M (Peak 22.09M) | Time:00:00.01 | Syncing Orbiter_6
Fra:84 Mem:22.11M (Peak 22.11M) | Time:00:00.01 | Syncing GlowDisc
Fra:84 Mem:22.12M (Peak 22.12M) | Time:00:00.01 | Syncing GiftCam
Fra:84 Mem:22.12M (Peak 22.12M) | Time:00:00.01 | Syncing Area
Fra:84 Mem:22.12M (Peak 22.12M) | Time:00:00.01 | Syncing Area.001
Fra:84 Mem:22.12M (Peak 22.12M) | Time:00:00.01 | Syncing Point
Fra:84 Mem:22.12M (Peak 22.12M) | Time:00:00.02 | Rendering 1 / 8 samples
Fra:84 Mem:21.95M (Peak 22.12M) | Time:00:01.36 | Rendering 8 / 8 samples
Saved: '/workspace/artifacts/gift-library/thumbnails/aether-colossus.png'
Time: 00:01.52 (Saving: 00:00.05)

Fra:108 Mem:22.38M (Peak 22.38M) | Time:00:00.01 | Syncing CoreCluster
Fra:108 Mem:22.39M (Peak 22.39M) | Time:00:00.01 | Syncing Rig_genesis-loom-eternal
Fra:108 Mem:22.39M (Peak 22.39M) | Time:00:00.01 | Syncing Icosphere
Fra:108 Mem:22.40M (Peak 22.40M) | Time:00:00.01 | Syncing Icosphere.001
Fra:108 Mem:22.41M (Peak 22.41M) | Time:00:00.01 | Syncing Icosphere.002
Fra:108 Mem:22.42M (Peak 22.42M) | Time:00:00.01 | Syncing Icosphere.003
Fra:108 Mem:22.43M (Peak 22.43M) | Time:00:00.01 | Syncing Icosphere.004
Fra:108 Mem:22.44M (Peak 22.44M) | Time:00:00.01 | Syncing Orbiter_0
Fra:108 Mem:22.46M (Peak 22.46M) | Time:00:00.01 | Syncing Orbiter_1
Fra:108 Mem:22.48M (Peak 22.48M) | Time:00:00.01 | Syncing Orbiter_2
Fra:108 Mem:22.49M (Peak 22.49M) | Time:00:00.01 | Syncing Orbiter_3
Fra:108 Mem:22.51M (Peak 22.51M) | Time:00:00.01 | Syncing Orbiter_4
Fra:108 Mem:22.53M (Peak 22.53M) | Time:00:00.01 | Syncing Orbiter_5
Fra:108 Mem:22.55M (Peak 22.55M) | Time:00:00.01 | Syncing Orbiter_6
Fra:108 Mem:22.57M (Peak 22.57M) | Time:00:00.01 | Syncing Orbiter_7
Fra:108 Mem:22.59M (Peak 22.59M) | Time:00:00.01 | Syncing Orbiter_8
Fra:108 Mem:22.61M (Peak 22.61M) | Time:00:00.01 | Syncing GlowDisc
Fra:108 Mem:22.62M (Peak 22.62M) | Time:00:00.01 | Syncing GiftCam
Fra:108 Mem:22.62M (Peak 22.62M) | Time:00:00.01 | Syncing Area
Fra:108 Mem:22.62M (Peak 22.62M) | Time:00:00.01 | Syncing Area.001
Fra:108 Mem:22.62M (Peak 22.62M) | Time:00:00.01 | Syncing Point
Fra:108 Mem:22.62M (Peak 22.62M) | Time:00:00.02 | Rendering 1 / 8 samples
Fra:108 Mem:22.49M (Peak 22.62M) | Time:00:01.32 | Rendering 8 / 8 samples
Saved: '/workspace/artifacts/gift-library/thumbnails/genesis-loom-eternal.png'
Time: 00:01.48 (Saving: 00:00.06)

Fra:108 Mem:21.97M (Peak 21.97M) | Time:00:00.02 | Syncing CorePillar
Fra:108 Mem:21.98M (Peak 21.98M) | Time:00:00.02 | Syncing Rig_primordial-tidewyrm
Fra:108 Mem:21.98M (Peak 21.98M) | Time:00:00.02 | Syncing Orbiter_0
Fra:108 Mem:22.00M (Peak 22.00M) | Time:00:00.02 | Syncing Orbiter_1
Fra:108 Mem:22.02M (Peak 22.02M) | Time:00:00.02 | Syncing Orbiter_2
Fra:108 Mem:22.04M (Peak 22.04M) | Time:00:00.02 | Syncing Orbiter_3
Fra:108 Mem:22.06M (Peak 22.06M) | Time:00:00.02 | Syncing Orbiter_4
Fra:108 Mem:22.08M (Peak 22.08M) | Time:00:00.02 | Syncing Orbiter_5
Fra:108 Mem:22.10M (Peak 22.10M) | Time:00:00.02 | Syncing Orbiter_6
Fra:108 Mem:22.12M (Peak 22.12M) | Time:00:00.02 | Syncing Orbiter_7
Fra:108 Mem:22.14M (Peak 22.14M) | Time:00:00.02 | Syncing Orbiter_8
Fra:108 Mem:22.15M (Peak 22.15M) | Time:00:00.02 | Syncing GlowDisc
Fra:108 Mem:22.17M (Peak 22.17M) | Time:00:00.02 | Syncing GiftCam
Fra:108 Mem:22.17M (Peak 22.17M) | Time:00:00.02 | Syncing Area
Fra:108 Mem:22.17M (Peak 22.17M) | Time:00:00.02 | Syncing Area.001
Fra:108 Mem:22.17M (Peak 22.17M) | Time:00:00.02 | Syncing Point
Fra:108 Mem:22.16M (Peak 22.17M) | Time:00:00.02 | Rendering 1 / 8 samples
Fra:108 Mem:22.05M (Peak 22.17M) | Time:00:01.32 | Rendering 8 / 8 samples
Saved: '/workspace/artifacts/gift-library/thumbnails/primordial-tidewyrm.png'
Time: 00:01.46 (Saving: 00:00.04)

Fra:108 Mem:22.41M (Peak 22.41M) | Time:00:00.02 | Syncing CoreCluster
Fra:108 Mem:22.42M (Peak 22.42M) | Time:00:00.02 | Syncing Rig_singularity-rose-garden
Fra:108 Mem:22.43M (Peak 22.43M) | Time:00:00.02 | Syncing Icosphere
Fra:108 Mem:22.43M (Peak 22.43M) | Time:00:00.02 | Syncing Icosphere.001
Fra:108 Mem:22.44M (Peak 22.44M) | Time:00:00.02 | Syncing Icosphere.002
Fra:108 Mem:22.45M (Peak 22.45M) | Time:00:00.02 | Syncing Icosphere.003
Fra:108 Mem:22.46M (Peak 22.46M) | Time:00:00.02 | Syncing Icosphere.004
Fra:108 Mem:22.47M (Peak 22.47M) | Time:00:00.02 | Syncing Orbiter_0
Fra:108 Mem:22.49M (Peak 22.49M) | Time:00:00.02 | Syncing Orbiter_1
Fra:108 Mem:22.51M (Peak 22.51M) | Time:00:00.02 | Syncing Orbiter_2
Fra:108 Mem:22.53M (Peak 22.53M) | Time:00:00.02 | Syncing Orbiter_3
Fra:108 Mem:22.55M (Peak 22.55M) | Time:00:00.02 | Syncing Orbiter_4
Fra:108 Mem:22.57M (Peak 22.57M) | Time:00:00.02 | Syncing Orbiter_5
Fra:108 Mem:22.59M (Peak 22.59M) | Time:00:00.02 | Syncing Orbiter_6
Fra:108 Mem:22.60M (Peak 22.60M) | Time:00:00.02 | Syncing Orbiter_7
Fra:108 Mem:22.62M (Peak 22.62M) | Time:00:00.02 | Syncing Orbiter_8
Fra:108 Mem:22.64M (Peak 22.64M) | Time:00:00.02 | Syncing GlowDisc
Fra:108 Mem:22.66M (Peak 22.66M) | Time:00:00.02 | Syncing GiftCam
Fra:108 Mem:22.66M (Peak 22.66M) | Time:00:00.02 | Syncing Area
Fra:108 Mem:22.66M (Peak 22.66M) | Time:00:00.02 | Syncing Area.001
Fra:108 Mem:22.66M (Peak 22.66M) | Time:00:00.02 | Syncing Point
Fra:108 Mem:22.65M (Peak 22.66M) | Time:00:00.02 | Rendering 1 / 8 samples
Fra:108 Mem:22.52M (Peak 22.66M) | Time:00:01.32 | Rendering 8 / 8 samples
Saved: '/workspace/artifacts/gift-library/thumbnails/singularity-rose-garden.png'
Time: 00:01.48 (Saving: 00:00.05)

Fra:108 Mem:22.05M (Peak 22.05M) | Time:00:00.02 | Syncing CoreCube
Fra:108 Mem:22.06M (Peak 22.06M) | Time:00:00.02 | Syncing Rig_astral-tribunal
Fra:108 Mem:22.07M (Peak 22.07M) | Time:00:00.02 | Syncing Orbiter_0
Fra:108 Mem:22.09M (Peak 22.09M) | Time:00:00.02 | Syncing Orbiter_1
Fra:108 Mem:22.11M (Peak 22.11M) | Time:00:00.02 | Syncing Orbiter_2
Fra:108 Mem:22.13M (Peak 22.13M) | Time:00:00.02 | Syncing Orbiter_3
Fra:108 Mem:22.15M (Peak 22.15M) | Time:00:00.02 | Syncing Orbiter_4
Fra:108 Mem:22.16M (Peak 22.16M) | Time:00:00.02 | Syncing Orbiter_5
Fra:108 Mem:22.18M (Peak 22.18M) | Time:00:00.02 | Syncing Orbiter_6
Fra:108 Mem:22.20M (Peak 22.20M) | Time:00:00.02 | Syncing Orbiter_7
Fra:108 Mem:22.22M (Peak 22.22M) | Time:00:00.02 | Syncing Orbiter_8
Fra:108 Mem:22.24M (Peak 22.24M) | Time:00:00.02 | Syncing GlowDisc
Fra:108 Mem:22.25M (Peak 22.25M) | Time:00:00.02 | Syncing GiftCam
Fra:108 Mem:22.25M (Peak 22.25M) | Time:00:00.02 | Syncing Area
Fra:108 Mem:22.26M (Peak 22.26M) | Time:00:00.02 | Syncing Area.001
Fra:108 Mem:22.26M (Peak 22.26M) | Time:00:00.02 | Syncing Point
Fra:108 Mem:22.25M (Peak 22.26M) | Time:00:00.02 | Rendering 1 / 8 samples
Fra:108 Mem:22.13M (Peak 22.26M) | Time:00:01.37 | Rendering 8 / 8 samples
Saved: '/workspace/artifacts/gift-library/thumbnails/astral-tribunal.png'
Time: 00:01.54 (Saving: 00:00.06)


11:56:25 | INFO: Starting glTF 2.0 export
11:56:25 | INFO: Extracting primitive: Sphere
11:56:25 | INFO: Primitives created: 1
11:56:25 | INFO: Extracting primitive: Sphere.001
11:56:25 | INFO: Primitives created: 1
11:56:25 | INFO: Extracting primitive: Sphere.002
11:56:25 | INFO: Primitives created: 1
11:56:25 | INFO: Extracting primitive: Sphere.003
11:56:25 | INFO: Primitives created: 1
11:56:25 | INFO: Extracting primitive: Sphere.004
11:56:25 | INFO: Primitives created: 1
11:56:25 | INFO: Extracting primitive: Sphere.005
11:56:25 | INFO: Primitives created: 1
11:56:25 | INFO: Extracting primitive: Sphere.006
11:56:25 | INFO: Primitives created: 1
11:56:25 | INFO: Extracting primitive: Cylinder
11:56:25 | INFO: Primitives created: 1
11:56:25 | INFO: Extracting primitive: Torus
11:56:25 | INFO: Primitives created: 1
11:56:25 | INFO: Finished glTF 2.0 export in 0.04840803146362305 s

[OK] #060 aether-colossus glb=270104B
Info: Saved "genesis-loom-eternal.blend"
11:56:27 | ERROR: Draco mesh compression is not available because library could not be found at /usr/bin/4.0/python/lib/python3.12/site-packages/libextern_draco.so
11:56:27 | INFO: Starting glTF 2.0 export
11:56:27 | INFO: Extracting primitive: Icosphere.001
11:56:27 | INFO: Primitives created: 1
11:56:27 | INFO: Extracting primitive: Icosphere.002
11:56:27 | INFO: Primitives created: 1
11:56:27 | INFO: Extracting primitive: Icosphere.003
11:56:27 | INFO: Primitives created: 1
11:56:27 | INFO: Extracting primitive: Icosphere.004
11:56:27 | INFO: Primitives created: 1
11:56:27 | INFO: Extracting primitive: Icosphere.005
11:56:27 | INFO: Primitives created: 1
11:56:27 | INFO: Extracting primitive: Sphere
11:56:27 | INFO: Primitives created: 1
11:56:27 | INFO: Extracting primitive: Sphere.001
11:56:27 | INFO: Primitives created: 1
11:56:27 | INFO: Extracting primitive: Sphere.002
11:56:27 | INFO: Primitives created: 1
11:56:27 | INFO: Extracting primitive: Sphere.003
11:56:27 | INFO: Primitives created: 1
11:56:27 | INFO: Extracting primitive: Sphere.004
11:56:27 | INFO: Primitives created: 1
11:56:27 | INFO: Extracting primitive: Sphere.005
11:56:27 | INFO: Primitives created: 1
11:56:27 | INFO: Extracting primitive: Sphere.006
11:56:27 | INFO: Primitives created: 1
11:56:27 | INFO: Extracting primitive: Sphere.007
11:56:27 | INFO: Primitives created: 1
11:56:27 | INFO: Extracting primitive: Sphere.008
11:56:27 | INFO: Primitives created: 1
11:56:27 | INFO: Extracting primitive: Cylinder
11:56:27 | INFO: Primitives created: 1
11:56:27 | INFO: Extracting primitive: Icosphere
11:56:27 | INFO: Primitives created: 1
11:56:27 | INFO: Finished glTF 2.0 export in 0.08604049682617188 s

[OK] #061 genesis-loom-eternal glb=229320B
Info: Saved "primordial-tidewyrm.blend"
11:56:29 | ERROR: Draco mesh compression is not available because library could not be found at /usr/bin/4.0/python/lib/python3.12/site-packages/libextern_draco.so
11:56:29 | INFO: Starting glTF 2.0 export
11:56:29 | INFO: Extracting primitive: Sphere
11:56:29 | INFO: Primitives created: 1
11:56:29 | INFO: Extracting primitive: Sphere.001
11:56:29 | INFO: Primitives created: 1
11:56:29 | INFO: Extracting primitive: Sphere.002
11:56:29 | INFO: Primitives created: 1
11:56:29 | INFO: Extracting primitive: Sphere.003
11:56:29 | INFO: Primitives created: 1
11:56:29 | INFO: Extracting primitive: Sphere.004
11:56:29 | INFO: Primitives created: 1
11:56:29 | INFO: Extracting primitive: Sphere.005
11:56:29 | INFO: Primitives created: 1
11:56:29 | INFO: Extracting primitive: Sphere.006
11:56:29 | INFO: Primitives created: 1
11:56:29 | INFO: Extracting primitive: Sphere.007
11:56:29 | INFO: Primitives created: 1
11:56:29 | INFO: Extracting primitive: Sphere.008
11:56:29 | INFO: Primitives created: 1
11:56:29 | INFO: Extracting primitive: Cylinder.001
11:56:29 | INFO: Primitives created: 1
11:56:29 | INFO: Extracting primitive: Cylinder
11:56:29 | INFO: Primitives created: 1
11:56:29 | INFO: Finished glTF 2.0 export in 0.06471085548400879 s

[OK] #062 primordial-tidewyrm glb=210176B
Info: Saved "singularity-rose-garden.blend"
11:56:30 | ERROR: Draco mesh compression is not available because library could not be found at /usr/bin/4.0/python/lib/python3.12/site-packages/libextern_draco.so
11:56:30 | INFO: Starting glTF 2.0 export
11:56:30 | INFO: Extracting primitive: Icosphere.001
11:56:30 | INFO: Primitives created: 1
11:56:30 | INFO: Extracting primitive: Icosphere.002
11:56:30 | INFO: Primitives created: 1
11:56:30 | INFO: Extracting primitive: Icosphere.003
11:56:30 | INFO: Primitives created: 1
11:56:30 | INFO: Extracting primitive: Icosphere.004
11:56:30 | INFO: Primitives created: 1
11:56:30 | INFO: Extracting primitive: Icosphere.005
11:56:30 | INFO: Primitives created: 1
11:56:30 | INFO: Extracting primitive: Sphere
11:56:30 | INFO: Primitives created: 1
11:56:30 | INFO: Extracting primitive: Sphere.001
11:56:30 | INFO: Primitives created: 1
11:56:30 | INFO: Extracting primitive: Sphere.002
11:56:30 | INFO: Primitives created: 1
11:56:30 | INFO: Extracting primitive: Sphere.003
11:56:30 | INFO: Primitives created: 1
11:56:30 | INFO: Extracting primitive: Sphere.004
11:56:30 | INFO: Primitives created: 1
11:56:30 | INFO: Extracting primitive: Sphere.005
11:56:30 | INFO: Primitives created: 1
11:56:30 | INFO: Extracting primitive: Sphere.006
11:56:30 | INFO: Primitives created: 1
11:56:30 | INFO: Extracting primitive: Sphere.007
11:56:30 | INFO: Primitives created: 1
11:56:30 | INFO: Extracting primitive: Sphere.008
11:56:30 | INFO: Primitives created: 1
11:56:30 | INFO: Extracting primitive: Cylinder
11:56:30 | INFO: Primitives created: 1
11:56:30 | INFO: Extracting primitive: Icosphere
11:56:30 | INFO: Primitives created: 1
11:56:30 | INFO: Finished glTF 2.0 export in 0.06979823112487793 s

[OK] #063 singularity-rose-garden glb=229336B
Info: Saved "astral-tribunal.blend"
11:56:32 | ERROR: Draco mesh compression is not available because library could not be found at /usr/bin/4.0/python/lib/python3.12/site-packages/libextern_draco.so
11:56:32 | INFO: Starting glTF 2.0 export
11:56:32 | INFO: Extracting primitive: Sphere
11:56:32 | INFO: Primitives created: 1
11:56:32 | INFO: Extracting primitive: Sphere.001
11:56:32 | INFO: Primitives created: 1
11:56:32 | INFO: Extracting primitive: Sphere.002
11:56:32 | INFO: Primitives created: 1
11:56:32 | INFO: Extracting primitive: Sphere.003
11:56:32 | INFO: Primitives created: 1
11:56:32 | INFO: Extracting primitive: Sphere.004
11:56:32 | INFO: Primitives created: 1
11:56:32 | INFO: Extracting primitive: Sphere.005
11:56:32 | INFO: Primitives created: 1
11:56:32 | INFO: Extracting primitive: Sphere.006
11:56:32 | INFO: Primitives created: 1
11:56:32 | INFO: Extracting primitive: Sphere.007
11:56:32 | INFO: Primitives created: 1
11:56:32 | INFO: Extracting primitive: Sphere.008
11:56:32 | INFO: Primitives created: 1
11:56:32 | INFO: Extracting primitive: Cylinder
11:56:32 | INFO: Primitives created: 1
11:56:32 | INFO: Extracting primitive: Cube
11:56:32 | INFO: Primitives created: 1
11:56:32 | INFO: Finished glTF 2.0 export in 0.08006834983825684 s

[OK] #064 astral-tribunal glb=222492B
Info: Saved "phoenix-empire-dawn.blend"
11:56:33 | ERROR: Draco mesh compression is not available because library could not be found at /usr/bin/4.0/python/lib/python3.12/site-packages/libextern_draco.so
11:56:33 | INFO: Starting glTF 2.0 export
11:56:33 | INFO: Extracting primitive: Icosphere.001
11:56:33 | INFO: Primitives created: 1
11:56:33 | INFO: Extracting primitive: Icosphere.002
11:56:33 | INFO: Primitives created: 1
11:56:33 | INFO: Extracting primitive: Icosphere.003
11:56:33 | INFO: Primitives created: 1
11:56:33 | INFO: Extracting primitive: Icosphere.004
11:56:33 | INFO: Primitives created: 1
11:56:33 | INFO: Extracting primitive: Icosphere.005
11:56:33 | INFO: Primitives created: 1
11:56:33 | INFO: Extracting primitive: Sphere
11:56:33 | INFO: Primitives created: 1
11:56:33 | INFO: Extracting primitive: Sphere.001
11:56:33 | INFO: Primitives created: 1
11:56:33 | INFO: Extracting primitive: Sphere.002
11:56:33 | INFO: Primitives created: 1
11:56:33 | INFO: Extracting primitive: Sphere.003
11:56:33 | INFO: Primitives created: 1Fra:108 Mem:22.46M (Peak 22.46M) | Time:00:00.02 | Syncing CoreCluster
Fra:108 Mem:22.47M (Peak 22.47M) | Time:00:00.02 | Syncing Rig_phoenix-empire-dawn
Fra:108 Mem:22.48M (Peak 22.48M) | Time:00:00.02 | Syncing Icosphere
Fra:108 Mem:22.48M (Peak 22.48M) | Time:00:00.02 | Syncing Icosphere.001
Fra:108 Mem:22.49M (Peak 22.49M) | Time:00:00.02 | Syncing Icosphere.002
Fra:108 Mem:22.50M (Peak 22.50M) | Time:00:00.02 | Syncing Icosphere.003
Fra:108 Mem:22.51M (Peak 22.51M) | Time:00:00.02 | Syncing Icosphere.004
Fra:108 Mem:22.52M (Peak 22.52M) | Time:00:00.02 | Syncing Orbiter_0
Fra:108 Mem:22.54M (Peak 22.54M) | Time:00:00.02 | Syncing Orbiter_1
Fra:108 Mem:22.56M (Peak 22.56M) | Time:00:00.02 | Syncing Orbiter_2
Fra:108 Mem:22.58M (Peak 22.58M) | Time:00:00.02 | Syncing Orbiter_3
Fra:108 Mem:22.60M (Peak 22.60M) | Time:00:00.02 | Syncing Orbiter_4
Fra:108 Mem:22.62M (Peak 22.62M) | Time:00:00.02 | Syncing Orbiter_5
Fra:108 Mem:22.64M (Peak 22.64M) | Time:00:00.02 | Syncing Orbiter_6
Fra:108 Mem:22.66M (Peak 22.66M) | Time:00:00.02 | Syncing Orbiter_7
Fra:108 Mem:22.67M (Peak 22.67M) | Time:00:00.02 | Syncing Orbiter_8
Fra:108 Mem:22.69M (Peak 22.69M) | Time:00:00.02 | Syncing GlowDisc
Fra:108 Mem:22.71M (Peak 22.71M) | Time:00:00.02 | Syncing GiftCam
Fra:108 Mem:22.71M (Peak 22.71M) | Time:00:00.02 | Syncing Area
Fra:108 Mem:22.71M (Peak 22.71M) | Time:00:00.02 | Syncing Area.001
Fra:108 Mem:22.71M (Peak 22.71M) | Time:00:00.02 | Syncing Point
Fra:108 Mem:22.70M (Peak 22.71M) | Time:00:00.02 | Rendering 1 / 8 samples
Fra:108 Mem:22.57M (Peak 22.71M) | Time:00:01.32 | Rendering 8 / 8 samples
Saved: '/workspace/artifacts/gift-library/thumbnails/phoenix-empire-dawn.png'
Time: 00:01.47 (Saving: 00:00.05)

Fra:108 Mem:22.05M (Peak 22.05M) | Time:00:00.01 | Syncing CoreCrystal
Fra:108 Mem:22.05M (Peak 22.05M) | Time:00:00.01 | Syncing Rig_quantum-mythos-engine
Fra:108 Mem:22.06M (Peak 22.06M) | Time:00:00.01 | Syncing Orbiter_0
Fra:108 Mem:22.08M (Peak 22.08M) | Time:00:00.01 | Syncing Orbiter_1
Fra:108 Mem:22.10M (Peak 22.10M) | Time:00:00.01 | Syncing Orbiter_2
Fra:108 Mem:22.12M (Peak 22.12M) | Time:00:00.01 | Syncing Orbiter_3
Fra:108 Mem:22.14M (Peak 22.14M) | Time:00:00.01 | Syncing Orbiter_4
Fra:108 Mem:22.16M (Peak 22.16M) | Time:00:00.01 | Syncing Orbiter_5
Fra:108 Mem:22.17M (Peak 22.17M) | Time:00:00.01 | Syncing Orbiter_6
Fra:108 Mem:22.19M (Peak 22.19M) | Time:00:00.01 | Syncing Orbiter_7
Fra:108 Mem:22.21M (Peak 22.21M) | Time:00:00.01 | Syncing Orbiter_8
Fra:108 Mem:22.23M (Peak 22.23M) | Time:00:00.01 | Syncing GlowDisc
Fra:108 Mem:22.25M (Peak 22.25M) | Time:00:00.02 | Syncing GiftCam
Fra:108 Mem:22.25M (Peak 22.25M) | Time:00:00.02 | Syncing Area
Fra:108 Mem:22.25M (Peak 22.25M) | Time:00:00.02 | Syncing Area.001
Fra:108 Mem:22.25M (Peak 22.25M) | Time:00:00.02 | Syncing Point
Fra:108 Mem:22.24M (Peak 22.25M) | Time:00:00.02 | Rendering 1 / 8 samples
Fra:108 Mem:22.13M (Peak 22.25M) | Time:00:01.33 | Rendering 8 / 8 samples
Saved: '/workspace/artifacts/gift-library/thumbnails/quantum-mythos-engine.png'
Time: 00:01.49 (Saving: 00:00.07)

Fra:108 Mem:22.24M (Peak 22.24M) | Time:00:00.01 | Syncing CoreTorus
Fra:108 Mem:22.32M (Peak 22.32M) | Time:00:00.01 | Syncing Rig_oceanus-coronation
Fra:108 Mem:22.32M (Peak 22.32M) | Time:00:00.01 | Syncing Orbiter_0
Fra:108 Mem:22.34M (Peak 22.34M) | Time:00:00.01 | Syncing Orbiter_1
Fra:108 Mem:22.36M (Peak 22.36M) | Time:00:00.01 | Syncing Orbiter_2
Fra:108 Mem:22.38M (Peak 22.38M) | Time:00:00.01 | Syncing Orbiter_3
Fra:108 Mem:22.40M (Peak 22.40M) | Time:00:00.01 | Syncing Orbiter_4
Fra:108 Mem:22.42M (Peak 22.42M) | Time:00:00.01 | Syncing Orbiter_5
Fra:108 Mem:22.44M (Peak 22.44M) | Time:00:00.01 | Syncing Orbiter_6
Fra:108 Mem:22.46M (Peak 22.46M) | Time:00:00.01 | Syncing Orbiter_7
Fra:108 Mem:22.48M (Peak 22.48M) | Time:00:00.01 | Syncing Orbiter_8
Fra:108 Mem:22.49M (Peak 22.49M) | Time:00:00.01 | Syncing GlowDisc
Fra:108 Mem:22.51M (Peak 22.51M) | Time:00:00.01 | Syncing GiftCam
Fra:108 Mem:22.51M (Peak 22.51M) | Time:00:00.01 | Syncing Area
Fra:108 Mem:22.51M (Peak 22.51M) | Time:00:00.01 | Syncing Area.001
Fra:108 Mem:22.51M (Peak 22.51M) | Time:00:00.01 | Syncing Point
Fra:108 Mem:22.50M (Peak 22.51M) | Time:00:00.02 | Rendering 1 / 8 samples
Fra:108 Mem:22.31M (Peak 22.51M) | Time:00:01.37 | Rendering 8 / 8 samples
Saved: '/workspace/artifacts/gift-library/thumbnails/oceanus-coronation.png'
Time: 00:01.53 (Saving: 00:00.04)

Fra:108 Mem:22.08M (Peak 22.08M) | Time:00:00.01 | Syncing CorePillar
Fra:108 Mem:22.09M (Peak 22.09M) | Time:00:00.02 | Syncing Rig_helios-forge-god
Fra:108 Mem:22.09M (Peak 22.09M) | Time:00:00.02 | Syncing Orbiter_0
Fra:108 Mem:22.11M (Peak 22.11M) | Time:00:00.02 | Syncing Orbiter_1
Fra:108 Mem:22.13M (Peak 22.13M) | Time:00:00.02 | Syncing Orbiter_2
Fra:108 Mem:22.15M (Peak 22.15M) | Time:00:00.02 | Syncing Orbiter_3
Fra:108 Mem:22.17M (Peak 22.17M) | Time:00:00.02 | Syncing Orbiter_4
Fra:108 Mem:22.19M (Peak 22.19M) | Time:00:00.02 | Syncing Orbiter_5
Fra:108 Mem:22.21M (Peak 22.21M) | Time:00:00.02 | Syncing Orbiter_6
Fra:108 Mem:22.23M (Peak 22.23M) | Time:00:00.02 | Syncing Orbiter_7
Fra:108 Mem:22.25M (Peak 22.25M) | Time:00:00.02 | Syncing Orbiter_8
Fra:108 Mem:22.27M (Peak 22.27M) | Time:00:00.02 | Syncing GlowDisc
Fra:108 Mem:22.28M (Peak 22.28M) | Time:00:00.02 | Syncing GiftCam
Fra:108 Mem:22.28M (Peak 22.28M) | Time:00:00.02 | Syncing Area
Fra:108 Mem:22.28M (Peak 22.28M) | Time:00:00.02 | Syncing Area.001
Fra:108 Mem:22.28M (Peak 22.28M) | Time:00:00.02 | Syncing Point
Fra:108 Mem:22.28M (Peak 22.28M) | Time:00:00.02 | Rendering 1 / 8 samples
Fra:108 Mem:22.16M (Peak 22.28M) | Time:00:01.35 | Rendering 8 / 8 samples
Saved: '/workspace/artifacts/gift-library/thumbnails/helios-forge-god.png'
Time: 00:01.50 (Saving: 00:00.05)

Fra:108 Mem:22.10M (Peak 22.10M) | Time:00:00.01 | Syncing CorePillar
Fra:108 Mem:22.10M (Peak 22.10M) | Time:00:00.01 | Syncing Rig_nyx-veil-unbound
Fra:108 Mem:22.11M (Peak 22.11M) | Time:00:00.01 | Syncing Orbiter_0
Fra:108 Mem:22.13M (Peak 22.13M) | Time:00:00.01 | Syncing Orbiter_1
Fra:108 Mem:22.15M (Peak 22.15M) | Time:00:00.01 | Syncing Orbiter_2
Fra:108 Mem:22.17M (Peak 22.17M) | Time:00:00.01 | Syncing Orbiter_3
Fra:108 Mem:22.19M (Peak 22.19M) | Time:00:00.01 | Syncing Orbiter_4
Fra:108 Mem:22.21M (Peak 22.21M) | Time:00:00.01 | Syncing Orbiter_5
Fra:108 Mem:22.23M (Peak 22.23M) | Time:00:00.01 | Syncing Orbiter_6
Fra:108 Mem:22.25M (Peak 22.25M) | Time:00:00.01 | Syncing Orbiter_7
Fra:108 Mem:22.26M (Peak 22.26M) | Time:00:00.01 | Syncing Orbiter_8
Fra:108 Mem:22.28M (Peak 22.28M) | Time:00:00.01 | Syncing GlowDisc
Fra:108 Mem:22.30M (Peak 22.30M) | Time:00:00.01 | Syncing GiftCam
Fra:108 Mem:22.30M (Peak 22.30M) | Time:00:00.01 | Syncing Area
Fra:108 Mem:22.30M (Peak 22.30M) | Time:00:00.01 | Syncing Area.001
Fra:108 Mem:22.30M (Peak 22.30M) | Time:00:00.01 | Syncing Point
Fra:108 Mem:22.29M (Peak 22.30M) | Time:00:00.02 | Rendering 1 / 8 samples
Fra:108 Mem:22.18M (Peak 22.30M) | Time:00:01.30 | Rendering 8 / 8 samples
Saved: '/workspace/artifacts/gift-library/thumbnails/nyx-veil-unbound.png'
Time: 00:01.46 (Saving: 00:00.05)

Fra:108 Mem:22.36M (Peak 22.36M) | Time:00:00.02 | Syncing CoreSphere
Fra:108 Mem:22.48M (Peak 22.48M) | Time:00:00.02 | Syncing Rig_thunder-pantheon
Fra:108 Mem:22.48M (Peak 22.48M) | Time:00:00.02 | Syncing Orbiter_0
Fra:108 Mem:22.51M (Peak 22.51M) | Time:00:00.02 | Syncing Orbiter_1
Fra:108 Mem:22.52M (Peak 22.52M) | Time:00:00.02 | Syncing Orbiter_2
Fra:108 Mem:22.54M (Peak 22.54M) | Time:00:00.02 | Syncing Orbiter_3
Fra:108 Mem:22.56M (Peak 22.56M) | Time:00:00.02 | Syncing Orbiter_4
Fra:108 Mem:22.58M (Peak 22.58M) | Time:00:00.02 | Syncing Orbiter_5
Fra:108 Mem:22.60M (Peak 22.60M) | Time:00:00.02 | Syncing Orbiter_6
Fra:108 Mem:22.62M (Peak 22.62M) | Time:00:00.02 | Syncing Orbiter_7
Fra:108 Mem:22.64M (Peak 22.64M) | Time:00:00.02 | Syncing Orbiter_8
Fra:108 Mem:22.66M (Peak 22.66M) | Time:00:00.02 | Syncing GlowDisc
Fra:108 Mem:22.67M (Peak 22.67M) | Time:00:00.02 | Syncing GiftCam
Fra:108 Mem:22.67M (Peak 22.67M) | Time:00:00.02 | Syncing Area
Fra:108 Mem:22.67M (Peak 22.67M) | Time:00:00.02 | Syncing Area.001
Fra:108 Mem:22.67M (Peak 22.67M) | Time:00:00.02 | Syncing Point
Fra:108 Mem:22.67M (Peak 22.67M) | Time:00:00.02 | Rendering 1 / 8 samples
Fra:108 Mem:22.44M (Peak 22.67M) | Time:00:01.37 | Rendering 8 / 8 samples
Saved: '/workspace/artifacts/gift-library/thumbnails/thunder-pantheon.png'
Time: 00:01.54 (Saving: 00:00.05)


11:56:33 | INFO: Extracting primitive: Sphere.004
11:56:33 | INFO: Primitives created: 1
11:56:33 | INFO: Extracting primitive: Sphere.005
11:56:33 | INFO: Primitives created: 1
11:56:33 | INFO: Extracting primitive: Sphere.006
11:56:33 | INFO: Primitives created: 1
11:56:33 | INFO: Extracting primitive: Sphere.007
11:56:33 | INFO: Primitives created: 1
11:56:33 | INFO: Extracting primitive: Sphere.008
11:56:33 | INFO: Primitives created: 1
11:56:33 | INFO: Extracting primitive: Cylinder
11:56:33 | INFO: Primitives created: 1
11:56:33 | INFO: Extracting primitive: Icosphere
11:56:33 | INFO: Primitives created: 1
11:56:33 | INFO: Finished glTF 2.0 export in 0.07017350196838379 s

[OK] #065 phoenix-empire-dawn glb=229320B
Info: Saved "quantum-mythos-engine.blend"
11:56:35 | ERROR: Draco mesh compression is not available because library could not be found at /usr/bin/4.0/python/lib/python3.12/site-packages/libextern_draco.so
11:56:35 | INFO: Starting glTF 2.0 export
11:56:35 | INFO: Extracting primitive: Sphere
11:56:35 | INFO: Primitives created: 1
11:56:35 | INFO: Extracting primitive: Sphere.001
11:56:35 | INFO: Primitives created: 1
11:56:35 | INFO: Extracting primitive: Sphere.002
11:56:35 | INFO: Primitives created: 1
11:56:35 | INFO: Extracting primitive: Sphere.003
11:56:35 | INFO: Primitives created: 1
11:56:35 | INFO: Extracting primitive: Sphere.004
11:56:35 | INFO: Primitives created: 1
11:56:35 | INFO: Extracting primitive: Sphere.005
11:56:35 | INFO: Primitives created: 1
11:56:35 | INFO: Extracting primitive: Sphere.006
11:56:35 | INFO: Primitives created: 1
11:56:35 | INFO: Extracting primitive: Sphere.007
11:56:35 | INFO: Primitives created: 1
11:56:35 | INFO: Extracting primitive: Sphere.008
11:56:35 | INFO: Primitives created: 1
11:56:35 | INFO: Extracting primitive: Cylinder
11:56:35 | INFO: Primitives created: 1
11:56:35 | INFO: Extracting primitive: Cone
11:56:35 | INFO: Primitives created: 1
11:56:35 | INFO: Finished glTF 2.0 export in 0.06455612182617188 s

[OK] #066 quantum-mythos-engine glb=209932B
Info: Saved "oceanus-coronation.blend"
11:56:36 | ERROR: Draco mesh compression is not available because library could not be found at /usr/bin/4.0/python/lib/python3.12/site-packages/libextern_draco.so
11:56:36 | INFO: Starting glTF 2.0 export
11:56:36 | INFO: Extracting primitive: Sphere
11:56:36 | INFO: Primitives created: 1
11:56:36 | INFO: Extracting primitive: Sphere.001
11:56:36 | INFO: Primitives created: 1
11:56:36 | INFO: Extracting primitive: Sphere.002
11:56:36 | INFO: Primitives created: 1
11:56:36 | INFO: Extracting primitive: Sphere.003
11:56:36 | INFO: Primitives created: 1
11:56:36 | INFO: Extracting primitive: Sphere.004
11:56:36 | INFO: Primitives created: 1
11:56:36 | INFO: Extracting primitive: Sphere.005
11:56:36 | INFO: Primitives created: 1
11:56:36 | INFO: Extracting primitive: Sphere.006
11:56:36 | INFO: Primitives created: 1
11:56:36 | INFO: Extracting primitive: Sphere.007
11:56:36 | INFO: Primitives created: 1
11:56:36 | INFO: Extracting primitive: Sphere.008
11:56:36 | INFO: Primitives created: 1
11:56:36 | INFO: Extracting primitive: Cylinder
11:56:36 | INFO: Primitives created: 1
11:56:36 | INFO: Extracting primitive: Torus
11:56:37 | INFO: Primitives created: 1
11:56:37 | INFO: Finished glTF 2.0 export in 0.08245444297790527 s

[OK] #067 oceanus-coronation glb=313672B
Info: Saved "helios-forge-god.blend"
11:56:38 | ERROR: Draco mesh compression is not available because library could not be found at /usr/bin/4.0/python/lib/python3.12/site-packages/libextern_draco.so
11:56:38 | INFO: Starting glTF 2.0 export
11:56:38 | INFO: Extracting primitive: Sphere
11:56:38 | INFO: Primitives created: 1
11:56:38 | INFO: Extracting primitive: Sphere.001
11:56:38 | INFO: Primitives created: 1
11:56:38 | INFO: Extracting primitive: Sphere.002
11:56:38 | INFO: Primitives created: 1
11:56:38 | INFO: Extracting primitive: Sphere.003
11:56:38 | INFO: Primitives created: 1
11:56:38 | INFO: Extracting primitive: Sphere.004
11:56:38 | INFO: Primitives created: 1
11:56:38 | INFO: Extracting primitive: Sphere.005
11:56:38 | INFO: Primitives created: 1
11:56:38 | INFO: Extracting primitive: Sphere.006
11:56:38 | INFO: Primitives created: 1
11:56:38 | INFO: Extracting primitive: Sphere.007
11:56:38 | INFO: Primitives created: 1
11:56:38 | INFO: Extracting primitive: Sphere.008
11:56:38 | INFO: Primitives created: 1
11:56:38 | INFO: Extracting primitive: Cylinder.001
11:56:38 | INFO: Primitives created: 1
11:56:38 | INFO: Extracting primitive: Cylinder
11:56:38 | INFO: Primitives created: 1
11:56:38 | INFO: Finished glTF 2.0 export in 0.0642402172088623 s

[OK] #068 helios-forge-god glb=210316B
Info: Saved "nyx-veil-unbound.blend"
11:56:40 | ERROR: Draco mesh compression is not available because library could not be found at /usr/bin/4.0/python/lib/python3.12/site-packages/libextern_draco.so
11:56:40 | INFO: Starting glTF 2.0 export
11:56:40 | INFO: Extracting primitive: Sphere
11:56:40 | INFO: Primitives created: 1
11:56:40 | INFO: Extracting primitive: Sphere.001
11:56:40 | INFO: Primitives created: 1
11:56:40 | INFO: Extracting primitive: Sphere.002
11:56:40 | INFO: Primitives created: 1
11:56:40 | INFO: Extracting primitive: Sphere.003
11:56:40 | INFO: Primitives created: 1
11:56:40 | INFO: Extracting primitive: Sphere.004
11:56:40 | INFO: Primitives created: 1
11:56:40 | INFO: Extracting primitive: Sphere.005
11:56:40 | INFO: Primitives created: 1
11:56:40 | INFO: Extracting primitive: Sphere.006
11:56:40 | INFO: Primitives created: 1
11:56:40 | INFO: Extracting primitive: Sphere.007
11:56:40 | INFO: Primitives created: 1
11:56:40 | INFO: Extracting primitive: Sphere.008
11:56:40 | INFO: Primitives created: 1
11:56:40 | INFO: Extracting primitive: Cylinder.001
11:56:40 | INFO: Primitives created: 1
11:56:40 | INFO: Extracting primitive: Cylinder
11:56:40 | INFO: Primitives created: 1
11:56:40 | INFO: Finished glTF 2.0 export in 0.06433391571044922 s

[OK] #069 nyx-veil-unbound glb=208700B
Info: Saved "thunder-pantheon.blend"
11:56:41 | ERROR: Draco mesh compression is not available because library could not be found at /usr/bin/4.0/python/lib/python3.12/site-packages/libextern_draco.so
11:56:41 | INFO: Starting glTF 2.0 export
11:56:41 | INFO: Extracting primitive: Sphere.001
11:56:41 | INFO: Primitives created: 1
11:56:41 | INFO: Extracting primitive: Sphere.002
11:56:41 | INFO: Primitives created: 1
11:56:41 | INFO: Extracting primitive: Sphere.003
11:56:41 | INFO: Primitives created: 1
11:56:41 | INFO: Extracting primitive: Sphere.004
11:56:41 | INFO: Primitives created: 1
11:56:41 | INFO: Extracting primitive: Sphere.005
11:56:41 | INFO: Primitives created: 1
11:56:41 | INFO: Extracting primitive: Sphere.006
11:56:41 | INFO: Primitives created: 1
11:56:41 | INFO: Extracting primitive: Sphere.007
11:56:41 | INFO: Primitives created: 1
11:56:41 | INFO: Extracting primitive: Sphere.008
11:56:41 | INFO: Primitives created: 1
11:56:41 | INFO: Extracting primitive: Sphere.009
11:56:41 | INFO: Primitives created: 1
11:56:41 | INFO: Extracting primitive: Cylinder
11:56:41 | INFO: Primitives created: 1
11:56:41 | INFO: Extracting primitive: Sphere
11:56:41 | INFO: Primitives created: 1
11:56:41 | INFO: Finished glTF 2.0 export in 0.08472847938537598 s

[OK] #070 thunder-pantheon glb=366840B
Info: Saved "world-end-garden.blend"
11:56:43 | ERROR: Draco mesh compression is not available because library could not be found at /usr/bin/4.0/python/lib/python3.12/site-packages/libextern_draco.so
11:56:43 | INFO: Starting glTF 2.0 export
11:56:43 | INFO: Extracting primitive: Sphere
11:56:43 | INFO: Primitives created: 1
11:56:43 | INFO: Extracting primitive: Sphere.001
11:56:43 | INFO: Primitives created: 1
11:56:43 | INFO: Extracting primitive: Sphere.002
11:56:43 | INFO: Primitives created: 1
11:56:43 | INFO: Extracting primitive: Sphere.003
11:56:43 | INFO: Primitives created: 1
11:56:43 | INFO: Extracting primitive: Sphere.004
11:56:43 | INFO: Primitives created: 1
11:56:43 | INFO: Extracting primitive: Sphere.005
11:56:43 | INFO: Primitives created: 1
11:56:43 | INFO: Extracting primitive: Sphere.006
11:56:43 | INFO: Primitives created: 1Fra:108 Mem:22.13M (Peak 22.13M) | Time:00:00.02 | Syncing CorePillar
Fra:108 Mem:22.14M (Peak 22.14M) | Time:00:00.02 | Syncing Rig_world-end-garden
Fra:108 Mem:22.14M (Peak 22.14M) | Time:00:00.02 | Syncing Orbiter_0
Fra:108 Mem:22.16M (Peak 22.16M) | Time:00:00.02 | Syncing Orbiter_1
Fra:108 Mem:22.18M (Peak 22.18M) | Time:00:00.02 | Syncing Orbiter_2
Fra:108 Mem:22.20M (Peak 22.20M) | Time:00:00.02 | Syncing Orbiter_3
Fra:108 Mem:22.22M (Peak 22.22M) | Time:00:00.02 | Syncing Orbiter_4
Fra:108 Mem:22.24M (Peak 22.24M) | Time:00:00.02 | Syncing Orbiter_5
Fra:108 Mem:22.26M (Peak 22.26M) | Time:00:00.02 | Syncing Orbiter_6
Fra:108 Mem:22.28M (Peak 22.28M) | Time:00:00.02 | Syncing Orbiter_7
Fra:108 Mem:22.30M (Peak 22.30M) | Time:00:00.02 | Syncing Orbiter_8
Fra:108 Mem:22.32M (Peak 22.32M) | Time:00:00.02 | Syncing GlowDisc
Fra:108 Mem:22.33M (Peak 22.33M) | Time:00:00.02 | Syncing GiftCam
Fra:108 Mem:22.33M (Peak 22.33M) | Time:00:00.02 | Syncing Area
Fra:108 Mem:22.33M (Peak 22.33M) | Time:00:00.02 | Syncing Area.001
Fra:108 Mem:22.33M (Peak 22.33M) | Time:00:00.02 | Syncing Point
Fra:108 Mem:22.32M (Peak 22.33M) | Time:00:00.03 | Rendering 1 / 8 samples
Fra:108 Mem:22.21M (Peak 22.33M) | Time:00:01.37 | Rendering 8 / 8 samples
Saved: '/workspace/artifacts/gift-library/thumbnails/world-end-garden.png'
Time: 00:01.52 (Saving: 00:00.05)

Fra:108 Mem:22.40M (Peak 22.40M) | Time:00:00.02 | Syncing CoreSphere
Fra:108 Mem:22.51M (Peak 22.51M) | Time:00:00.02 | Syncing Rig_infinite-library-gate
Fra:108 Mem:22.52M (Peak 22.52M) | Time:00:00.02 | Syncing Orbiter_0
Fra:108 Mem:22.54M (Peak 22.54M) | Time:00:00.02 | Syncing Orbiter_1
Fra:108 Mem:22.56M (Peak 22.56M) | Time:00:00.02 | Syncing Orbiter_2
Fra:108 Mem:22.58M (Peak 22.58M) | Time:00:00.02 | Syncing Orbiter_3
Fra:108 Mem:22.60M (Peak 22.60M) | Time:00:00.02 | Syncing Orbiter_4
Fra:108 Mem:22.62M (Peak 22.62M) | Time:00:00.02 | Syncing Orbiter_5
Fra:108 Mem:22.63M (Peak 22.63M) | Time:00:00.02 | Syncing Orbiter_6
Fra:108 Mem:22.65M (Peak 22.65M) | Time:00:00.02 | Syncing Orbiter_7
Fra:108 Mem:22.67M (Peak 22.67M) | Time:00:00.02 | Syncing Orbiter_8
Fra:108 Mem:22.69M (Peak 22.69M) | Time:00:00.02 | Syncing GlowDisc
Fra:108 Mem:22.71M (Peak 22.71M) | Time:00:00.02 | Syncing GiftCam
Fra:108 Mem:22.71M (Peak 22.71M) | Time:00:00.02 | Syncing Area
Fra:108 Mem:22.71M (Peak 22.71M) | Time:00:00.02 | Syncing Area.001
Fra:108 Mem:22.71M (Peak 22.71M) | Time:00:00.02 | Syncing Point
Fra:108 Mem:22.70M (Peak 22.71M) | Time:00:00.02 | Rendering 1 / 8 samples
Fra:108 Mem:22.47M (Peak 22.71M) | Time:00:01.36 | Rendering 8 / 8 samples
Saved: '/workspace/artifacts/gift-library/thumbnails/infinite-library-gate.png'
Time: 00:01.51 (Saving: 00:00.05)

Fra:108 Mem:22.16M (Peak 22.16M) | Time:00:00.02 | Syncing CoreCrystal
Fra:108 Mem:22.17M (Peak 22.17M) | Time:00:00.02 | Syncing Rig_celestial-behemoth-choir
Fra:108 Mem:22.17M (Peak 22.17M) | Time:00:00.02 | Syncing Orbiter_0
Fra:108 Mem:22.19M (Peak 22.19M) | Time:00:00.02 | Syncing Orbiter_1
Fra:108 Mem:22.21M (Peak 22.21M) | Time:00:00.02 | Syncing Orbiter_2
Fra:108 Mem:22.23M (Peak 22.23M) | Time:00:00.02 | Syncing Orbiter_3
Fra:108 Mem:22.25M (Peak 22.25M) | Time:00:00.02 | Syncing Orbiter_4
Fra:108 Mem:22.27M (Peak 22.27M) | Time:00:00.02 | Syncing Orbiter_5
Fra:108 Mem:22.29M (Peak 22.29M) | Time:00:00.02 | Syncing Orbiter_6
Fra:108 Mem:22.31M (Peak 22.31M) | Time:00:00.02 | Syncing Orbiter_7
Fra:108 Mem:22.33M (Peak 22.33M) | Time:00:00.02 | Syncing Orbiter_8
Fra:108 Mem:22.35M (Peak 22.35M) | Time:00:00.02 | Syncing GlowDisc
Fra:108 Mem:22.36M (Peak 22.36M) | Time:00:00.02 | Syncing GiftCam
Fra:108 Mem:22.36M (Peak 22.36M) | Time:00:00.02 | Syncing Area
Fra:108 Mem:22.36M (Peak 22.36M) | Time:00:00.02 | Syncing Area.001
Fra:108 Mem:22.36M (Peak 22.36M) | Time:00:00.02 | Syncing Point
Fra:108 Mem:22.35M (Peak 22.36M) | Time:00:00.02 | Rendering 1 / 8 samples
Fra:108 Mem:22.24M (Peak 22.36M) | Time:00:01.35 | Rendering 8 / 8 samples
Saved: '/workspace/artifacts/gift-library/thumbnails/celestial-behemoth-choir.png'
Time: 00:01.51 (Saving: 00:00.05)

Fra:108 Mem:22.18M (Peak 22.18M) | Time:00:00.02 | Syncing CorePillar
Fra:108 Mem:22.19M (Peak 22.19M) | Time:00:00.02 | Syncing Rig_mirror-multiverse-waltz
Fra:108 Mem:22.19M (Peak 22.19M) | Time:00:00.02 | Syncing Orbiter_0
Fra:108 Mem:22.21M (Peak 22.21M) | Time:00:00.02 | Syncing Orbiter_1
Fra:108 Mem:22.23M (Peak 22.23M) | Time:00:00.02 | Syncing Orbiter_2
Fra:108 Mem:22.25M (Peak 22.25M) | Time:00:00.02 | Syncing Orbiter_3
Fra:108 Mem:22.27M (Peak 22.27M) | Time:00:00.02 | Syncing Orbiter_4
Fra:108 Mem:22.29M (Peak 22.29M) | Time:00:00.02 | Syncing Orbiter_5
Fra:108 Mem:22.31M (Peak 22.31M) | Time:00:00.02 | Syncing Orbiter_6
Fra:108 Mem:22.33M (Peak 22.33M) | Time:00:00.02 | Syncing Orbiter_7
Fra:108 Mem:22.35M (Peak 22.35M) | Time:00:00.02 | Syncing Orbiter_8
Fra:108 Mem:22.37M (Peak 22.37M) | Time:00:00.02 | Syncing GlowDisc
Fra:108 Mem:22.38M (Peak 22.38M) | Time:00:00.02 | Syncing GiftCam
Fra:108 Mem:22.38M (Peak 22.38M) | Time:00:00.02 | Syncing Area
Fra:108 Mem:22.38M (Peak 22.38M) | Time:00:00.02 | Syncing Area.001
Fra:108 Mem:22.38M (Peak 22.38M) | Time:00:00.02 | Syncing Point
Fra:108 Mem:22.37M (Peak 22.38M) | Time:00:00.02 | Rendering 1 / 8 samples
Fra:108 Mem:22.26M (Peak 22.38M) | Time:00:01.34 | Rendering 8 / 8 samples
Saved: '/workspace/artifacts/gift-library/thumbnails/mirror-multiverse-waltz.png'
Time: 00:01.50 (Saving: 00:00.05)

Fra:108 Mem:22.23M (Peak 22.23M) | Time:00:00.02 | Syncing CoreCube
Fra:108 Mem:22.24M (Peak 22.24M) | Time:00:00.02 | Syncing Rig_dragon-eclipse-covenant
Fra:108 Mem:22.25M (Peak 22.25M) | Time:00:00.02 | Syncing Orbiter_0
Fra:108 Mem:22.27M (Peak 22.27M) | Time:00:00.02 | Syncing Orbiter_1
Fra:108 Mem:22.29M (Peak 22.29M) | Time:00:00.02 | Syncing Orbiter_2
Fra:108 Mem:22.31M (Peak 22.31M) | Time:00:00.02 | Syncing Orbiter_3
Fra:108 Mem:22.33M (Peak 22.33M) | Time:00:00.02 | Syncing Orbiter_4
Fra:108 Mem:22.34M (Peak 22.34M) | Time:00:00.02 | Syncing Orbiter_5
Fra:108 Mem:22.36M (Peak 22.36M) | Time:00:00.02 | Syncing Orbiter_6
Fra:108 Mem:22.38M (Peak 22.38M) | Time:00:00.02 | Syncing Orbiter_7
Fra:108 Mem:22.40M (Peak 22.40M) | Time:00:00.02 | Syncing Orbiter_8
Fra:108 Mem:22.42M (Peak 22.42M) | Time:00:00.02 | Syncing GlowDisc
Fra:108 Mem:22.43M (Peak 22.43M) | Time:00:00.02 | Syncing GiftCam
Fra:108 Mem:22.43M (Peak 22.43M) | Time:00:00.02 | Syncing Area
Fra:108 Mem:22.43M (Peak 22.43M) | Time:00:00.02 | Syncing Area.001
Fra:108 Mem:22.44M (Peak 22.44M) | Time:00:00.02 | Syncing Point
Fra:108 Mem:22.43M (Peak 22.44M) | Time:00:00.02 | Rendering 1 / 8 samples
Fra:108 Mem:22.31M (Peak 22.44M) | Time:00:01.38 | Rendering 8 / 8 samples
Saved: '/workspace/artifacts/gift-library/thumbnails/dragon-eclipse-covenant.png'
Time: 00:01.52 (Saving: 00:00.04)

Fra:108 Mem:22.21M (Peak 22.21M) | Time:00:00.02 | Syncing CoreCrystal
Fra:108 Mem:22.22M (Peak 22.22M) | Time:00:00.02 | Syncing Rig_fate-spindle-absolute
Fra:108 Mem:22.22M (Peak 22.22M) | Time:00:00.02 | Syncing Orbiter_0
Fra:108 Mem:22.24M (Peak 22.24M) | Time:00:00.02 | Syncing Orbiter_1
Fra:108 Mem:22.26M (Peak 22.26M) | Time:00:00.02 | Syncing Orbiter_2
Fra:108 Mem:22.28M (Peak 22.28M) | Time:00:00.02 | Syncing Orbiter_3
Fra:108 Mem:22.30M (Peak 22.30M) | Time:00:00.02 | Syncing Orbiter_4
Fra:108 Mem:22.32M (Peak 22.32M) | Time:00:00.02 | Syncing Orbiter_5
Fra:108 Mem:22.34M (Peak 22.34M) | Time:00:00.02 | Syncing Orbiter_6
Fra:108 Mem:22.36M (Peak 22.36M) | Time:00:00.02 | Syncing Orbiter_7
Fra:108 Mem:22.38M (Peak 22.38M) | Time:00:00.02 | Syncing Orbiter_8
Fra:108 Mem:22.40M (Peak 22.40M) | Time:00:00.02 | Syncing GlowDisc
Fra:108 Mem:22.41M (Peak 22.41M) | Time:00:00.02 | Syncing GiftCam
Fra:108 Mem:22.41M (Peak 22.41M) | Time:00:00.02 | Syncing Area
Fra:108 Mem:22.41M (Peak 22.41M) | Time:00:00.02 | Syncing Area.001
Fra:108 Mem:22.41M (Peak 22.41M) | Time:00:00.02 | Syncing Point
Fra:108 Mem:22.40M (Peak 22.41M) | Time:00:00.02 | Rendering 1 / 8 samples
Fra:108 Mem:22.29M (Peak 22.41M) | Time:00:01.33 | Rendering 8 / 8 samples
Saved: '/workspace/artifacts/gift-library/thumbnails/fate-spindle-absolute.png'
Time: 00:01.49 (Saving: 00:00.05)


11:56:43 | INFO: Extracting primitive: Sphere.007
11:56:43 | INFO: Primitives created: 1
11:56:43 | INFO: Extracting primitive: Sphere.008
11:56:43 | INFO: Primitives created: 1
11:56:43 | INFO: Extracting primitive: Cylinder.001
11:56:43 | INFO: Primitives created: 1
11:56:43 | INFO: Extracting primitive: Cylinder
11:56:43 | INFO: Primitives created: 1
11:56:43 | INFO: Finished glTF 2.0 export in 0.06477808952331543 s

[OK] #071 world-end-garden glb=211656B
Info: Saved "infinite-library-gate.blend"
11:56:45 | ERROR: Draco mesh compression is not available because library could not be found at /usr/bin/4.0/python/lib/python3.12/site-packages/libextern_draco.so
11:56:45 | INFO: Starting glTF 2.0 export
11:56:45 | INFO: Extracting primitive: Sphere.001
11:56:45 | INFO: Primitives created: 1
11:56:45 | INFO: Extracting primitive: Sphere.002
11:56:45 | INFO: Primitives created: 1
11:56:45 | INFO: Extracting primitive: Sphere.003
11:56:45 | INFO: Primitives created: 1
11:56:45 | INFO: Extracting primitive: Sphere.004
11:56:45 | INFO: Primitives created: 1
11:56:45 | INFO: Extracting primitive: Sphere.005
11:56:45 | INFO: Primitives created: 1
11:56:45 | INFO: Extracting primitive: Sphere.006
11:56:45 | INFO: Primitives created: 1
11:56:45 | INFO: Extracting primitive: Sphere.007
11:56:45 | INFO: Primitives created: 1
11:56:45 | INFO: Extracting primitive: Sphere.008
11:56:45 | INFO: Primitives created: 1
11:56:45 | INFO: Extracting primitive: Sphere.009
11:56:45 | INFO: Primitives created: 1
11:56:45 | INFO: Extracting primitive: Cylinder
11:56:45 | INFO: Primitives created: 1
11:56:45 | INFO: Extracting primitive: Sphere
11:56:45 | INFO: Primitives created: 1
11:56:45 | INFO: Finished glTF 2.0 export in 0.07055258750915527 s

[OK] #072 infinite-library-gate glb=366728B
Info: Saved "celestial-behemoth-choir.blend"
11:56:46 | ERROR: Draco mesh compression is not available because library could not be found at /usr/bin/4.0/python/lib/python3.12/site-packages/libextern_draco.so
11:56:46 | INFO: Starting glTF 2.0 export
11:56:46 | INFO: Extracting primitive: Sphere
11:56:46 | INFO: Primitives created: 1
11:56:46 | INFO: Extracting primitive: Sphere.001
11:56:46 | INFO: Primitives created: 1
11:56:46 | INFO: Extracting primitive: Sphere.002
11:56:46 | INFO: Primitives created: 1
11:56:46 | INFO: Extracting primitive: Sphere.003
11:56:46 | INFO: Primitives created: 1
11:56:46 | INFO: Extracting primitive: Sphere.004
11:56:46 | INFO: Primitives created: 1
11:56:46 | INFO: Extracting primitive: Sphere.005
11:56:46 | INFO: Primitives created: 1
11:56:46 | INFO: Extracting primitive: Sphere.006
11:56:46 | INFO: Primitives created: 1
11:56:46 | INFO: Extracting primitive: Sphere.007
11:56:46 | INFO: Primitives created: 1
11:56:46 | INFO: Extracting primitive: Sphere.008
11:56:46 | INFO: Primitives created: 1
11:56:46 | INFO: Extracting primitive: Cylinder
11:56:46 | INFO: Primitives created: 1
11:56:46 | INFO: Extracting primitive: Cone
11:56:46 | INFO: Primitives created: 1
11:56:46 | INFO: Finished glTF 2.0 export in 0.08177733421325684 s

[OK] #073 celestial-behemoth-choir glb=209948B
Info: Saved "mirror-multiverse-waltz.blend"
11:56:48 | ERROR: Draco mesh compression is not available because library could not be found at /usr/bin/4.0/python/lib/python3.12/site-packages/libextern_draco.so
11:56:48 | INFO: Starting glTF 2.0 export
11:56:48 | INFO: Extracting primitive: Sphere
11:56:48 | INFO: Primitives created: 1
11:56:48 | INFO: Extracting primitive: Sphere.001
11:56:48 | INFO: Primitives created: 1
11:56:48 | INFO: Extracting primitive: Sphere.002
11:56:48 | INFO: Primitives created: 1
11:56:48 | INFO: Extracting primitive: Sphere.003
11:56:48 | INFO: Primitives created: 1
11:56:48 | INFO: Extracting primitive: Sphere.004
11:56:48 | INFO: Primitives created: 1
11:56:48 | INFO: Extracting primitive: Sphere.005
11:56:48 | INFO: Primitives created: 1
11:56:48 | INFO: Extracting primitive: Sphere.006
11:56:48 | INFO: Primitives created: 1
11:56:48 | INFO: Extracting primitive: Sphere.007
11:56:48 | INFO: Primitives created: 1
11:56:48 | INFO: Extracting primitive: Sphere.008
11:56:48 | INFO: Primitives created: 1
11:56:48 | INFO: Extracting primitive: Cylinder.001
11:56:48 | INFO: Primitives created: 1
11:56:48 | INFO: Extracting primitive: Cylinder
11:56:48 | INFO: Primitives created: 1
11:56:48 | INFO: Finished glTF 2.0 export in 0.06429266929626465 s

[OK] #074 mirror-multiverse-waltz glb=210216B
Info: Saved "dragon-eclipse-covenant.blend"
11:56:49 | ERROR: Draco mesh compression is not available because library could not be found at /usr/bin/4.0/python/lib/python3.12/site-packages/libextern_draco.so
11:56:49 | INFO: Starting glTF 2.0 export
11:56:49 | INFO: Extracting primitive: Sphere
11:56:49 | INFO: Primitives created: 1
11:56:49 | INFO: Extracting primitive: Sphere.001
11:56:49 | INFO: Primitives created: 1
11:56:49 | INFO: Extracting primitive: Sphere.002
11:56:49 | INFO: Primitives created: 1
11:56:49 | INFO: Extracting primitive: Sphere.003
11:56:49 | INFO: Primitives created: 1
11:56:49 | INFO: Extracting primitive: Sphere.004
11:56:49 | INFO: Primitives created: 1
11:56:49 | INFO: Extracting primitive: Sphere.005
11:56:49 | INFO: Primitives created: 1
11:56:49 | INFO: Extracting primitive: Sphere.006
11:56:49 | INFO: Primitives created: 1
11:56:49 | INFO: Extracting primitive: Sphere.007
11:56:49 | INFO: Primitives created: 1
11:56:49 | INFO: Extracting primitive: Sphere.008
11:56:49 | INFO: Primitives created: 1
11:56:49 | INFO: Extracting primitive: Cylinder
11:56:49 | INFO: Primitives created: 1
11:56:49 | INFO: Extracting primitive: Cube
11:56:49 | INFO: Primitives created: 1
11:56:50 | INFO: Finished glTF 2.0 export in 0.06542301177978516 s

[OK] #075 dragon-eclipse-covenant glb=222532B
Info: Saved "fate-spindle-absolute.blend"
11:56:51 | ERROR: Draco mesh compression is not available because library could not be found at /usr/bin/4.0/python/lib/python3.12/site-packages/libextern_draco.so
11:56:51 | INFO: Starting glTF 2.0 export
11:56:51 | INFO: Extracting primitive: Sphere
11:56:51 | INFO: Primitives created: 1
11:56:51 | INFO: Extracting primitive: Sphere.001
11:56:51 | INFO: Primitives created: 1
11:56:51 | INFO: Extracting primitive: Sphere.002
11:56:51 | INFO: Primitives created: 1
11:56:51 | INFO: Extracting primitive: Sphere.003
11:56:51 | INFO: Primitives created: 1
11:56:51 | INFO: Extracting primitive: Sphere.004
11:56:51 | INFO: Primitives created: 1
11:56:51 | INFO: Extracting primitive: Sphere.005
11:56:51 | INFO: Primitives created: 1
11:56:51 | INFO: Extracting primitive: Sphere.006
11:56:51 | INFO: Primitives created: 1
11:56:51 | INFO: Extracting primitive: Sphere.007
11:56:51 | INFO: Primitives created: 1
11:56:51 | INFO: Extracting primitive: Sphere.008
11:56:51 | INFO: Primitives created: 1
11:56:51 | INFO: Extracting primitive: Cylinder
11:56:51 | INFO: Primitives created: 1
11:56:51 | INFO: Extracting primitive: Cone
11:56:51 | INFO: Primitives created: 1
11:56:51 | INFO: Finished glTF 2.0 export in 0.08143281936645508 s

[OK] #076 fate-spindle-absolute glb=208456B
Info: Saved "abyss-cathedral-rising.blend"
11:56:53 | ERROR: Draco mesh compression is not available because library could not be found at /usr/bin/4.0/python/lib/python3.12/site-packages/libextern_draco.so
11:56:53 | INFO: Starting glTF 2.0 export
11:56:53 | INFO: Extracting primitive: Sphere
11:56:53 | INFO: Primitives created: 1
11:56:53 | INFO: Extracting primitive: Sphere.001
11:56:53 | INFO: Primitives created: 1
11:56:53 | INFO: Extracting primitive: Sphere.002
11:56:53 | INFO: Primitives created: 1
11:56:53 | INFO: Extracting primitive: Sphere.003
11:56:53 | INFO: Primitives created: 1
11:56:53 | INFO: Extracting primitive: Sphere.004
11:56:53 | INFO: Primitives created: 1
11:56:53 | INFO: Extracting primitive: Sphere.005
11:56:53 | INFO: Primitives created: 1
11:56:53 | INFO: Extracting primitive: Sphere.006
11:56:53 | INFO: Primitives created: 1
11:56:53 | INFO: Extracting primitive: Sphere.007
11:56:53 | INFO: Primitives created: 1
11:56:53 | INFO: Extracting primitive: Sphere.008
11:56:53 | INFO: Primitives created: 1
11:56:53 | INFO: Extracting primitive: CylinderFra:108 Mem:22.23M (Peak 22.23M) | Time:00:00.02 | Syncing CoreCrystal
Fra:108 Mem:22.23M (Peak 22.23M) | Time:00:00.02 | Syncing Rig_abyss-cathedral-rising
Fra:108 Mem:22.24M (Peak 22.24M) | Time:00:00.02 | Syncing Orbiter_0
Fra:108 Mem:22.26M (Peak 22.26M) | Time:00:00.02 | Syncing Orbiter_1
Fra:108 Mem:22.28M (Peak 22.28M) | Time:00:00.02 | Syncing Orbiter_2
Fra:108 Mem:22.30M (Peak 22.30M) | Time:00:00.02 | Syncing Orbiter_3
Fra:108 Mem:22.32M (Peak 22.32M) | Time:00:00.02 | Syncing Orbiter_4
Fra:108 Mem:22.34M (Peak 22.34M) | Time:00:00.02 | Syncing Orbiter_5
Fra:108 Mem:22.35M (Peak 22.35M) | Time:00:00.02 | Syncing Orbiter_6
Fra:108 Mem:22.37M (Peak 22.37M) | Time:00:00.02 | Syncing Orbiter_7
Fra:108 Mem:22.39M (Peak 22.39M) | Time:00:00.02 | Syncing Orbiter_8
Fra:108 Mem:22.41M (Peak 22.41M) | Time:00:00.02 | Syncing GlowDisc
Fra:108 Mem:22.43M (Peak 22.43M) | Time:00:00.02 | Syncing GiftCam
Fra:108 Mem:22.43M (Peak 22.43M) | Time:00:00.02 | Syncing Area
Fra:108 Mem:22.43M (Peak 22.43M) | Time:00:00.02 | Syncing Area.001
Fra:108 Mem:22.43M (Peak 22.43M) | Time:00:00.02 | Syncing Point
Fra:108 Mem:22.42M (Peak 22.43M) | Time:00:00.02 | Rendering 1 / 8 samples
Fra:108 Mem:22.31M (Peak 22.43M) | Time:00:01.32 | Rendering 8 / 8 samples
Saved: '/workspace/artifacts/gift-library/thumbnails/abyss-cathedral-rising.png'
Time: 00:01.47 (Saving: 00:00.04)

Fra:108 Mem:22.29M (Peak 22.29M) | Time:00:00.02 | Syncing CoreIco
Fra:108 Mem:22.32M (Peak 22.32M) | Time:00:00.02 | Syncing Rig_starforge-apocalypse-key
Fra:108 Mem:22.32M (Peak 22.32M) | Time:00:00.02 | Syncing Orbiter_0
Fra:108 Mem:22.34M (Peak 22.34M) | Time:00:00.02 | Syncing Orbiter_1
Fra:108 Mem:22.36M (Peak 22.36M) | Time:00:00.02 | Syncing Orbiter_2
Fra:108 Mem:22.38M (Peak 22.38M) | Time:00:00.02 | Syncing Orbiter_3
Fra:108 Mem:22.40M (Peak 22.40M) | Time:00:00.02 | Syncing Orbiter_4
Fra:108 Mem:22.42M (Peak 22.42M) | Time:00:00.02 | Syncing Orbiter_5
Fra:108 Mem:22.44M (Peak 22.44M) | Time:00:00.02 | Syncing Orbiter_6
Fra:108 Mem:22.46M (Peak 22.46M) | Time:00:00.02 | Syncing Orbiter_7
Fra:108 Mem:22.48M (Peak 22.48M) | Time:00:00.02 | Syncing Orbiter_8
Fra:108 Mem:22.50M (Peak 22.50M) | Time:00:00.02 | Syncing GlowDisc
Fra:108 Mem:22.51M (Peak 22.51M) | Time:00:00.02 | Syncing GiftCam
Fra:108 Mem:22.51M (Peak 22.51M) | Time:00:00.02 | Syncing Area
Fra:108 Mem:22.51M (Peak 22.51M) | Time:00:00.02 | Syncing Area.001
Fra:108 Mem:22.51M (Peak 22.51M) | Time:00:00.02 | Syncing Point
Fra:108 Mem:22.51M (Peak 22.51M) | Time:00:00.03 | Rendering 1 / 8 samples
Fra:108 Mem:22.37M (Peak 22.51M) | Time:00:01.33 | Rendering 8 / 8 samples
Saved: '/workspace/artifacts/gift-library/thumbnails/starforge-apocalypse-key.png'
Time: 00:01.49 (Saving: 00:00.06)

Fra:108 Mem:22.26M (Peak 22.26M) | Time:00:00.02 | Syncing CoreCrystal
Fra:108 Mem:22.26M (Peak 22.26M) | Time:00:00.02 | Syncing Rig_eternal-ember-throneworld
Fra:108 Mem:22.27M (Peak 22.27M) | Time:00:00.02 | Syncing Orbiter_0
Fra:108 Mem:22.29M (Peak 22.29M) | Time:00:00.02 | Syncing Orbiter_1
Fra:108 Mem:22.31M (Peak 22.31M) | Time:00:00.02 | Syncing Orbiter_2
Fra:108 Mem:22.33M (Peak 22.33M) | Time:00:00.02 | Syncing Orbiter_3
Fra:108 Mem:22.35M (Peak 22.35M) | Time:00:00.02 | Syncing Orbiter_4
Fra:108 Mem:22.37M (Peak 22.37M) | Time:00:00.02 | Syncing Orbiter_5
Fra:108 Mem:22.39M (Peak 22.39M) | Time:00:00.02 | Syncing Orbiter_6
Fra:108 Mem:22.40M (Peak 22.40M) | Time:00:00.02 | Syncing Orbiter_7
Fra:108 Mem:22.42M (Peak 22.42M) | Time:00:00.02 | Syncing Orbiter_8
Fra:108 Mem:22.44M (Peak 22.44M) | Time:00:00.02 | Syncing GlowDisc
Fra:108 Mem:22.46M (Peak 22.46M) | Time:00:00.02 | Syncing GiftCam
Fra:108 Mem:22.46M (Peak 22.46M) | Time:00:00.02 | Syncing Area
Fra:108 Mem:22.46M (Peak 22.46M) | Time:00:00.02 | Syncing Area.001
Fra:108 Mem:22.46M (Peak 22.46M) | Time:00:00.02 | Syncing Point
Fra:108 Mem:22.45M (Peak 22.46M) | Time:00:00.03 | Rendering 1 / 8 samples
Fra:108 Mem:22.34M (Peak 22.46M) | Time:00:01.34 | Rendering 8 / 8 samples
Saved: '/workspace/artifacts/gift-library/thumbnails/eternal-ember-throneworld.png'
Time: 00:01.50 (Saving: 00:00.06)

Fra:108 Mem:22.71M (Peak 22.71M) | Time:00:00.02 | Syncing CoreCluster
Fra:108 Mem:22.72M (Peak 22.72M) | Time:00:00.02 | Syncing Rig_mythweaver-final-quill
Fra:108 Mem:22.72M (Peak 22.72M) | Time:00:00.02 | Syncing Icosphere
Fra:108 Mem:22.73M (Peak 22.73M) | Time:00:00.02 | Syncing Icosphere.001
Fra:108 Mem:22.74M (Peak 22.74M) | Time:00:00.02 | Syncing Icosphere.002
Fra:108 Mem:22.75M (Peak 22.75M) | Time:00:00.02 | Syncing Icosphere.003
Fra:108 Mem:22.76M (Peak 22.76M) | Time:00:00.02 | Syncing Icosphere.004
Fra:108 Mem:22.77M (Peak 22.77M) | Time:00:00.02 | Syncing Orbiter_0
Fra:108 Mem:22.79M (Peak 22.79M) | Time:00:00.02 | Syncing Orbiter_1
Fra:108 Mem:22.81M (Peak 22.81M) | Time:00:00.02 | Syncing Orbiter_2
Fra:108 Mem:22.82M (Peak 22.82M) | Time:00:00.02 | Syncing Orbiter_3
Fra:108 Mem:22.84M (Peak 22.84M) | Time:00:00.02 | Syncing Orbiter_4
Fra:108 Mem:22.86M (Peak 22.86M) | Time:00:00.02 | Syncing Orbiter_5
Fra:108 Mem:22.88M (Peak 22.88M) | Time:00:00.02 | Syncing Orbiter_6
Fra:108 Mem:22.90M (Peak 22.90M) | Time:00:00.02 | Syncing Orbiter_7
Fra:108 Mem:22.92M (Peak 22.92M) | Time:00:00.02 | Syncing Orbiter_8
Fra:108 Mem:22.94M (Peak 22.94M) | Time:00:00.02 | Syncing GlowDisc
Fra:108 Mem:22.95M (Peak 22.95M) | Time:00:00.02 | Syncing GiftCam
Fra:108 Mem:22.95M (Peak 22.95M) | Time:00:00.02 | Syncing Area
Fra:108 Mem:22.95M (Peak 22.95M) | Time:00:00.02 | Syncing Area.001
Fra:108 Mem:22.95M (Peak 22.95M) | Time:00:00.02 | Syncing Point
Fra:108 Mem:22.94M (Peak 22.95M) | Time:00:00.02 | Rendering 1 / 8 samples
Fra:108 Mem:22.82M (Peak 22.95M) | Time:00:01.32 | Rendering 8 / 8 samples
Saved: '/workspace/artifacts/gift-library/thumbnails/mythweaver-final-quill.png'
Time: 00:01.48 (Saving: 00:00.05)

Fra:144 Mem:22.62M (Peak 22.62M) | Time:00:00.02 | Syncing CorePillar
Fra:144 Mem:22.63M (Peak 22.63M) | Time:00:00.02 | Syncing Rig_first-light-of-sylora
Fra:144 Mem:22.63M (Peak 22.63M) | Time:00:00.02 | Syncing Orbiter_0
Fra:144 Mem:22.65M (Peak 22.65M) | Time:00:00.02 | Syncing Orbiter_1
Fra:144 Mem:22.67M (Peak 22.67M) | Time:00:00.02 | Syncing Orbiter_2
Fra:144 Mem:22.69M (Peak 22.69M) | Time:00:00.02 | Syncing Orbiter_3
Fra:144 Mem:22.71M (Peak 22.71M) | Time:00:00.02 | Syncing Orbiter_4
Fra:144 Mem:22.73M (Peak 22.73M) | Time:00:00.02 | Syncing Orbiter_5
Fra:144 Mem:22.75M (Peak 22.75M) | Time:00:00.02 | Syncing Orbiter_6
Fra:144 Mem:22.77M (Peak 22.77M) | Time:00:00.02 | Syncing Orbiter_7
Fra:144 Mem:22.79M (Peak 22.79M) | Time:00:00.02 | Syncing Orbiter_8
Fra:144 Mem:22.81M (Peak 22.81M) | Time:00:00.02 | Syncing Orbiter_9
Fra:144 Mem:22.83M (Peak 22.83M) | Time:00:00.02 | Syncing Orbiter_10
Fra:144 Mem:22.84M (Peak 22.84M) | Time:00:00.02 | Syncing Orbiter_11
Fra:144 Mem:22.86M (Peak 22.86M) | Time:00:00.02 | Syncing GlowDisc
Fra:144 Mem:22.88M (Peak 22.88M) | Time:00:00.02 | Syncing GiftCam
Fra:144 Mem:22.88M (Peak 22.88M) | Time:00:00.02 | Syncing Area
Fra:144 Mem:22.88M (Peak 22.88M) | Time:00:00.02 | Syncing Area.001
Fra:144 Mem:22.88M (Peak 22.88M) | Time:00:00.02 | Syncing Point
Fra:144 Mem:22.87M (Peak 22.88M) | Time:00:00.03 | Rendering 1 / 8 samples
Fra:144 Mem:22.72M (Peak 22.88M) | Time:00:01.36 | Rendering 8 / 8 samples
Saved: '/workspace/artifacts/gift-library/thumbnails/first-light-of-sylora.png'
Time: 00:01.51 (Saving: 00:00.04)

Fra:144 Mem:22.64M (Peak 22.64M) | Time:00:00.02 | Syncing CoreCrystal
Fra:144 Mem:22.64M (Peak 22.64M) | Time:00:00.02 | Syncing Rig_omega-aurora-godseed
Fra:144 Mem:22.65M (Peak 22.65M) | Time:00:00.02 | Syncing Orbiter_0
Fra:144 Mem:22.67M (Peak 22.67M) | Time:00:00.02 | Syncing Orbiter_1
Fra:144 Mem:22.69M (Peak 22.69M) | Time:00:00.02 | Syncing Orbiter_2
Fra:144 Mem:22.70M (Peak 22.70M) | Time:00:00.02 | Syncing Orbiter_3
Fra:144 Mem:22.72M (Peak 22.72M) | Time:00:00.02 | Syncing Orbiter_4
Fra:144 Mem:22.74M (Peak 22.74M) | Time:00:00.02 | Syncing Orbiter_5
Fra:144 Mem:22.76M (Peak 22.76M) | Time:00:00.02 | Syncing Orbiter_6
Fra:144 Mem:22.78M (Peak 22.78M) | Time:00:00.02 | Syncing Orbiter_7
Fra:144 Mem:22.80M (Peak 22.80M) | Time:00:00.02 | Syncing Orbiter_8
Fra:144 Mem:22.82M (Peak 22.82M) | Time:00:00.02 | Syncing Orbiter_9
Fra:144 Mem:22.84M (Peak 22.84M) | Time:00:00.02 | Syncing Orbiter_10
Fra:144 Mem:22.86M (Peak 22.86M) | Time:00:00.02 | Syncing Orbiter_11
Fra:144 Mem:22.88M (Peak 22.88M) | Time:00:00.02 | Syncing GlowDisc
Fra:144 Mem:22.89M (Peak 22.89M) | Time:00:00.02 | Syncing GiftCam
Fra:144 Mem:22.89M (Peak 22.89M) | Time:00:00.02 | Syncing Area
Fra:144 Mem:22.89M (Peak 22.89M) | Time:00:00.02 | Syncing Area.001
Fra:144 Mem:22.89M (Peak 22.89M) | Time:00:00.02 | Syncing Point
Fra:144 Mem:22.88M (Peak 22.89M) | Time:00:00.03 | Rendering 1 / 8 samples
Fra:144 Mem:22.73M (Peak 22.89M) | Time:00:01.32 | Rendering 8 / 8 samples
Saved: '/workspace/artifacts/gift-library/thumbnails/omega-aurora-godseed.png'
Time: 00:01.50 (Saving: 00:00.06)


11:56:53 | INFO: Primitives created: 1
11:56:53 | INFO: Extracting primitive: Cone
11:56:53 | INFO: Primitives created: 1
11:56:53 | INFO: Finished glTF 2.0 export in 0.06728935241699219 s

[OK] #077 abyss-cathedral-rising glb=209936B
Info: Saved "starforge-apocalypse-key.blend"
11:56:54 | ERROR: Draco mesh compression is not available because library could not be found at /usr/bin/4.0/python/lib/python3.12/site-packages/libextern_draco.so
11:56:54 | INFO: Starting glTF 2.0 export
11:56:54 | INFO: Extracting primitive: Sphere
11:56:54 | INFO: Primitives created: 1
11:56:54 | INFO: Extracting primitive: Sphere.001
11:56:54 | INFO: Primitives created: 1
11:56:54 | INFO: Extracting primitive: Sphere.002
11:56:54 | INFO: Primitives created: 1
11:56:54 | INFO: Extracting primitive: Sphere.003
11:56:54 | INFO: Primitives created: 1
11:56:54 | INFO: Extracting primitive: Sphere.004
11:56:54 | INFO: Primitives created: 1
11:56:54 | INFO: Extracting primitive: Sphere.005
11:56:54 | INFO: Primitives created: 1
11:56:54 | INFO: Extracting primitive: Sphere.006
11:56:54 | INFO: Primitives created: 1
11:56:54 | INFO: Extracting primitive: Sphere.007
11:56:54 | INFO: Primitives created: 1
11:56:54 | INFO: Extracting primitive: Sphere.008
11:56:54 | INFO: Primitives created: 1
11:56:54 | INFO: Extracting primitive: Cylinder
11:56:54 | INFO: Primitives created: 1
11:56:54 | INFO: Extracting primitive: Icosphere
11:56:54 | INFO: Primitives created: 1
11:56:54 | INFO: Finished glTF 2.0 export in 0.06603336334228516 s

[OK] #078 starforge-apocalypse-key glb=240244B
Info: Saved "eternal-ember-throneworld.blend"
11:56:56 | ERROR: Draco mesh compression is not available because library could not be found at /usr/bin/4.0/python/lib/python3.12/site-packages/libextern_draco.so
11:56:56 | INFO: Starting glTF 2.0 export
11:56:56 | INFO: Extracting primitive: Sphere
11:56:56 | INFO: Primitives created: 1
11:56:56 | INFO: Extracting primitive: Sphere.001
11:56:56 | INFO: Primitives created: 1
11:56:56 | INFO: Extracting primitive: Sphere.002
11:56:56 | INFO: Primitives created: 1
11:56:56 | INFO: Extracting primitive: Sphere.003
11:56:56 | INFO: Primitives created: 1
11:56:56 | INFO: Extracting primitive: Sphere.004
11:56:56 | INFO: Primitives created: 1
11:56:56 | INFO: Extracting primitive: Sphere.005
11:56:56 | INFO: Primitives created: 1
11:56:56 | INFO: Extracting primitive: Sphere.006
11:56:56 | INFO: Primitives created: 1
11:56:56 | INFO: Extracting primitive: Sphere.007
11:56:56 | INFO: Primitives created: 1
11:56:56 | INFO: Extracting primitive: Sphere.008
11:56:56 | INFO: Primitives created: 1
11:56:56 | INFO: Extracting primitive: Cylinder
11:56:56 | INFO: Primitives created: 1
11:56:56 | INFO: Extracting primitive: Cone
11:56:56 | INFO: Primitives created: 1
11:56:56 | INFO: Finished glTF 2.0 export in 0.08031320571899414 s

[OK] #079 eternal-ember-throneworld glb=210092B
Info: Saved "mythweaver-final-quill.blend"
11:56:57 | ERROR: Draco mesh compression is not available because library could not be found at /usr/bin/4.0/python/lib/python3.12/site-packages/libextern_draco.so
11:56:57 | INFO: Starting glTF 2.0 export
11:56:57 | INFO: Extracting primitive: Icosphere.001
11:56:57 | INFO: Primitives created: 1
11:56:57 | INFO: Extracting primitive: Icosphere.002
11:56:57 | INFO: Primitives created: 1
11:56:57 | INFO: Extracting primitive: Icosphere.003
11:56:57 | INFO: Primitives created: 1
11:56:57 | INFO: Extracting primitive: Icosphere.004
11:56:57 | INFO: Primitives created: 1
11:56:57 | INFO: Extracting primitive: Icosphere.005
11:56:57 | INFO: Primitives created: 1
11:56:57 | INFO: Extracting primitive: Sphere
11:56:57 | INFO: Primitives created: 1
11:56:57 | INFO: Extracting primitive: Sphere.001
11:56:57 | INFO: Primitives created: 1
11:56:57 | INFO: Extracting primitive: Sphere.002
11:56:57 | INFO: Primitives created: 1
11:56:57 | INFO: Extracting primitive: Sphere.003
11:56:57 | INFO: Primitives created: 1
11:56:57 | INFO: Extracting primitive: Sphere.004
11:56:57 | INFO: Primitives created: 1
11:56:57 | INFO: Extracting primitive: Sphere.005
11:56:57 | INFO: Primitives created: 1
11:56:57 | INFO: Extracting primitive: Sphere.006
11:56:57 | INFO: Primitives created: 1
11:56:57 | INFO: Extracting primitive: Sphere.007
11:56:57 | INFO: Primitives created: 1
11:56:57 | INFO: Extracting primitive: Sphere.008
11:56:57 | INFO: Primitives created: 1
11:56:57 | INFO: Extracting primitive: Cylinder
11:56:57 | INFO: Primitives created: 1
11:56:57 | INFO: Extracting primitive: Icosphere
11:56:57 | INFO: Primitives created: 1
11:56:58 | INFO: Finished glTF 2.0 export in 0.07148599624633789 s

[OK] #080 mythweaver-final-quill glb=229332B
Info: Saved "first-light-of-sylora.blend"
11:56:59 | ERROR: Draco mesh compression is not available because library could not be found at /usr/bin/4.0/python/lib/python3.12/site-packages/libextern_draco.so
11:56:59 | INFO: Starting glTF 2.0 export
11:56:59 | INFO: Extracting primitive: Sphere
11:56:59 | INFO: Primitives created: 1
11:56:59 | INFO: Extracting primitive: Sphere.001
11:56:59 | INFO: Primitives created: 1
11:56:59 | INFO: Extracting primitive: Sphere.002
11:56:59 | INFO: Primitives created: 1
11:56:59 | INFO: Extracting primitive: Sphere.003
11:56:59 | INFO: Primitives created: 1
11:56:59 | INFO: Extracting primitive: Sphere.004
11:56:59 | INFO: Primitives created: 1
11:56:59 | INFO: Extracting primitive: Sphere.005
11:56:59 | INFO: Primitives created: 1
11:56:59 | INFO: Extracting primitive: Sphere.006
11:56:59 | INFO: Primitives created: 1
11:56:59 | INFO: Extracting primitive: Sphere.007
11:56:59 | INFO: Primitives created: 1
11:56:59 | INFO: Extracting primitive: Sphere.008
11:56:59 | INFO: Primitives created: 1
11:56:59 | INFO: Extracting primitive: Sphere.009
11:56:59 | INFO: Primitives created: 1
11:56:59 | INFO: Extracting primitive: Sphere.010
11:56:59 | INFO: Primitives created: 1
11:56:59 | INFO: Extracting primitive: Sphere.011
11:56:59 | INFO: Primitives created: 1
11:56:59 | INFO: Extracting primitive: Cylinder.001
11:56:59 | INFO: Primitives created: 1
11:56:59 | INFO: Extracting primitive: Cylinder
11:56:59 | INFO: Primitives created: 1
11:56:59 | INFO: Finished glTF 2.0 export in 0.1204380989074707 s

[OK] #081 first-light-of-sylora glb=282940B
Info: Saved "omega-aurora-godseed.blend"
11:57:01 | ERROR: Draco mesh compression is not available because library could not be found at /usr/bin/4.0/python/lib/python3.12/site-packages/libextern_draco.so
11:57:01 | INFO: Starting glTF 2.0 export
11:57:01 | INFO: Extracting primitive: Sphere
11:57:01 | INFO: Primitives created: 1
11:57:01 | INFO: Extracting primitive: Sphere.001
11:57:01 | INFO: Primitives created: 1
11:57:01 | INFO: Extracting primitive: Sphere.002
11:57:01 | INFO: Primitives created: 1
11:57:01 | INFO: Extracting primitive: Sphere.003
11:57:01 | INFO: Primitives created: 1
11:57:01 | INFO: Extracting primitive: Sphere.004
11:57:01 | INFO: Primitives created: 1
11:57:01 | INFO: Extracting primitive: Sphere.005
11:57:01 | INFO: Primitives created: 1
11:57:01 | INFO: Extracting primitive: Sphere.006
11:57:01 | INFO: Primitives created: 1
11:57:01 | INFO: Extracting primitive: Sphere.007
11:57:01 | INFO: Primitives created: 1
11:57:01 | INFO: Extracting primitive: Sphere.008
11:57:01 | INFO: Primitives created: 1
11:57:01 | INFO: Extracting primitive: Sphere.009
11:57:01 | INFO: Primitives created: 1
11:57:01 | INFO: Extracting primitive: Sphere.010
11:57:01 | INFO: Primitives created: 1
11:57:01 | INFO: Extracting primitive: Sphere.011
11:57:01 | INFO: Primitives created: 1
11:57:01 | INFO: Extracting primitive: Cylinder
11:57:01 | INFO: Primitives created: 1
11:57:01 | INFO: Extracting primitive: Cone
11:57:01 | INFO: Primitives created: 1
11:57:01 | INFO: Finished glTF 2.0 export in 0.1009969711303711 s

[OK] #082 omega-aurora-godseed glb=284144B
Info: Saved "holographic-eden-genesis.blend"
11:57:02 | ERROR: Draco mesh compression is not available because library could not be found at /usr/bin/4.0/python/lib/python3.12/site-packages/libextern_draco.so
11:57:02 | INFO: Starting glTF 2.0 export
11:57:02 | INFO: Extracting primitive: Sphere
Fra:144 Mem:22.83M (Peak 22.83M) | Time:00:00.02 | Syncing CoreTorus
Fra:144 Mem:22.91M (Peak 22.91M) | Time:00:00.02 | Syncing Rig_holographic-eden-genesis
Fra:144 Mem:22.91M (Peak 22.91M) | Time:00:00.02 | Syncing Orbiter_0
Fra:144 Mem:22.93M (Peak 22.93M) | Time:00:00.02 | Syncing Orbiter_1
Fra:144 Mem:22.95M (Peak 22.95M) | Time:00:00.02 | Syncing Orbiter_2
Fra:144 Mem:22.97M (Peak 22.97M) | Time:00:00.02 | Syncing Orbiter_3
Fra:144 Mem:22.99M (Peak 22.99M) | Time:00:00.02 | Syncing Orbiter_4
Fra:144 Mem:23.01M (Peak 23.01M) | Time:00:00.02 | Syncing Orbiter_5
Fra:144 Mem:23.03M (Peak 23.03M) | Time:00:00.02 | Syncing Orbiter_6
Fra:144 Mem:23.05M (Peak 23.05M) | Time:00:00.02 | Syncing Orbiter_7
Fra:144 Mem:23.07M (Peak 23.07M) | Time:00:00.02 | Syncing Orbiter_8
Fra:144 Mem:23.08M (Peak 23.08M) | Time:00:00.02 | Syncing Orbiter_9
Fra:144 Mem:23.10M (Peak 23.10M) | Time:00:00.02 | Syncing Orbiter_10
Fra:144 Mem:23.12M (Peak 23.12M) | Time:00:00.02 | Syncing Orbiter_11
Fra:144 Mem:23.14M (Peak 23.14M) | Time:00:00.02 | Syncing GlowDisc
Fra:144 Mem:23.16M (Peak 23.16M) | Time:00:00.02 | Syncing GiftCam
Fra:144 Mem:23.16M (Peak 23.16M) | Time:00:00.02 | Syncing Area
Fra:144 Mem:23.16M (Peak 23.16M) | Time:00:00.02 | Syncing Area.001
Fra:144 Mem:23.16M (Peak 23.16M) | Time:00:00.02 | Syncing Point
Fra:144 Mem:23.15M (Peak 23.16M) | Time:00:00.03 | Rendering 1 / 8 samples
Fra:144 Mem:22.92M (Peak 23.16M) | Time:00:01.38 | Rendering 8 / 8 samples
Saved: '/workspace/artifacts/gift-library/thumbnails/holographic-eden-genesis.png'
Time: 00:01.56 (Saving: 00:00.07)

Fra:144 Mem:22.72M (Peak 22.72M) | Time:00:00.02 | Syncing CoreIco
Fra:144 Mem:22.75M (Peak 22.75M) | Time:00:00.02 | Syncing Rig_chronos-endgame-spiral
Fra:144 Mem:22.75M (Peak 22.75M) | Time:00:00.02 | Syncing Orbiter_0
Fra:144 Mem:22.77M (Peak 22.77M) | Time:00:00.02 | Syncing Orbiter_1
Fra:144 Mem:22.79M (Peak 22.79M) | Time:00:00.02 | Syncing Orbiter_2
Fra:144 Mem:22.81M (Peak 22.81M) | Time:00:00.02 | Syncing Orbiter_3
Fra:144 Mem:22.83M (Peak 22.83M) | Time:00:00.02 | Syncing Orbiter_4
Fra:144 Mem:22.85M (Peak 22.85M) | Time:00:00.02 | Syncing Orbiter_5
Fra:144 Mem:22.87M (Peak 22.87M) | Time:00:00.02 | Syncing Orbiter_6
Fra:144 Mem:22.89M (Peak 22.89M) | Time:00:00.02 | Syncing Orbiter_7
Fra:144 Mem:22.91M (Peak 22.91M) | Time:00:00.02 | Syncing Orbiter_8
Fra:144 Mem:22.92M (Peak 22.92M) | Time:00:00.02 | Syncing Orbiter_9
Fra:144 Mem:22.94M (Peak 22.94M) | Time:00:00.02 | Syncing Orbiter_10
Fra:144 Mem:22.96M (Peak 22.96M) | Time:00:00.02 | Syncing Orbiter_11
Fra:144 Mem:22.98M (Peak 22.98M) | Time:00:00.02 | Syncing GlowDisc
Fra:144 Mem:23.00M (Peak 23.00M) | Time:00:00.02 | Syncing GiftCam
Fra:144 Mem:23.00M (Peak 23.00M) | Time:00:00.02 | Syncing Area
Fra:144 Mem:23.00M (Peak 23.00M) | Time:00:00.02 | Syncing Area.001
Fra:144 Mem:23.00M (Peak 23.00M) | Time:00:00.02 | Syncing Point
Fra:144 Mem:22.99M (Peak 23.00M) | Time:00:00.02 | Rendering 1 / 8 samples
Fra:144 Mem:22.82M (Peak 23.00M) | Time:00:01.39 | Rendering 8 / 8 samples
Saved: '/workspace/artifacts/gift-library/thumbnails/chronos-endgame-spiral.png'
Time: 00:01.55 (Saving: 00:00.05)

Fra:144 Mem:22.69M (Peak 22.69M) | Time:00:00.02 | Syncing CorePillar
Fra:144 Mem:22.70M (Peak 22.70M) | Time:00:00.02 | Syncing Rig_leviathan-of-a-thousand-suns
Fra:144 Mem:22.70M (Peak 22.70M) | Time:00:00.02 | Syncing Orbiter_0
Fra:144 Mem:22.72M (Peak 22.72M) | Time:00:00.02 | Syncing Orbiter_1
Fra:144 Mem:22.74M (Peak 22.74M) | Time:00:00.02 | Syncing Orbiter_2
Fra:144 Mem:22.76M (Peak 22.76M) | Time:00:00.02 | Syncing Orbiter_3
Fra:144 Mem:22.78M (Peak 22.78M) | Time:00:00.02 | Syncing Orbiter_4
Fra:144 Mem:22.80M (Peak 22.80M) | Time:00:00.02 | Syncing Orbiter_5
Fra:144 Mem:22.82M (Peak 22.82M) | Time:00:00.02 | Syncing Orbiter_6
Fra:144 Mem:22.84M (Peak 22.84M) | Time:00:00.02 | Syncing Orbiter_7
Fra:144 Mem:22.86M (Peak 22.86M) | Time:00:00.02 | Syncing Orbiter_8
Fra:144 Mem:22.87M (Peak 22.87M) | Time:00:00.02 | Syncing Orbiter_9
Fra:144 Mem:22.89M (Peak 22.89M) | Time:00:00.02 | Syncing Orbiter_10
Fra:144 Mem:22.91M (Peak 22.91M) | Time:00:00.02 | Syncing Orbiter_11
Fra:144 Mem:22.93M (Peak 22.93M) | Time:00:00.02 | Syncing GlowDisc
Fra:144 Mem:22.95M (Peak 22.95M) | Time:00:00.02 | Syncing GiftCam
Fra:144 Mem:22.95M (Peak 22.95M) | Time:00:00.02 | Syncing Area
Fra:144 Mem:22.95M (Peak 22.95M) | Time:00:00.02 | Syncing Area.001
Fra:144 Mem:22.95M (Peak 22.95M) | Time:00:00.02 | Syncing Point
Fra:144 Mem:22.94M (Peak 22.95M) | Time:00:00.02 | Rendering 1 / 8 samples
Fra:144 Mem:22.79M (Peak 22.95M) | Time:00:01.36 | Rendering 8 / 8 samples
Saved: '/workspace/artifacts/gift-library/thumbnails/leviathan-of-a-thousand-suns.png'
Time: 00:01.51 (Saving: 00:00.05)

Fra:144 Mem:22.74M (Peak 22.74M) | Time:00:00.02 | Syncing CoreCrystal
Fra:144 Mem:22.74M (Peak 22.74M) | Time:00:00.02 | Syncing Rig_the-last-symphony-of-worlds
Fra:144 Mem:22.75M (Peak 22.75M) | Time:00:00.02 | Syncing Orbiter_0
Fra:144 Mem:22.77M (Peak 22.77M) | Time:00:00.02 | Syncing Orbiter_1
Fra:144 Mem:22.79M (Peak 22.79M) | Time:00:00.02 | Syncing Orbiter_2
Fra:144 Mem:22.81M (Peak 22.81M) | Time:00:00.02 | Syncing Orbiter_3
Fra:144 Mem:22.83M (Peak 22.83M) | Time:00:00.02 | Syncing Orbiter_4
Fra:144 Mem:22.84M (Peak 22.84M) | Time:00:00.02 | Syncing Orbiter_5
Fra:144 Mem:22.86M (Peak 22.86M) | Time:00:00.02 | Syncing Orbiter_6
Fra:144 Mem:22.88M (Peak 22.88M) | Time:00:00.02 | Syncing Orbiter_7
Fra:144 Mem:22.90M (Peak 22.90M) | Time:00:00.02 | Syncing Orbiter_8
Fra:144 Mem:22.92M (Peak 22.92M) | Time:00:00.02 | Syncing Orbiter_9
Fra:144 Mem:22.94M (Peak 22.94M) | Time:00:00.02 | Syncing Orbiter_10
Fra:144 Mem:22.96M (Peak 22.96M) | Time:00:00.02 | Syncing Orbiter_11
Fra:144 Mem:22.98M (Peak 22.98M) | Time:00:00.02 | Syncing GlowDisc
Fra:144 Mem:22.99M (Peak 22.99M) | Time:00:00.02 | Syncing GiftCam
Fra:144 Mem:22.99M (Peak 22.99M) | Time:00:00.02 | Syncing Area
Fra:144 Mem:22.99M (Peak 22.99M) | Time:00:00.02 | Syncing Area.001
Fra:144 Mem:22.99M (Peak 22.99M) | Time:00:00.02 | Syncing Point
Fra:144 Mem:22.99M (Peak 22.99M) | Time:00:00.03 | Rendering 1 / 8 samples
Fra:144 Mem:22.83M (Peak 22.99M) | Time:00:01.39 | Rendering 8 / 8 samples
Saved: '/workspace/artifacts/gift-library/thumbnails/the-last-symphony-of-worlds.png'
Time: 00:01.55 (Saving: 00:00.05)

Fra:144 Mem:22.76M (Peak 22.76M) | Time:00:00.02 | Syncing CoreCrystal
Fra:144 Mem:22.76M (Peak 22.76M) | Time:00:00.02 | Syncing Rig_divine-mirror-of-all-viewers
Fra:144 Mem:22.76M (Peak 22.76M) | Time:00:00.02 | Syncing Orbiter_0
Fra:144 Mem:22.79M (Peak 22.79M) | Time:00:00.02 | Syncing Orbiter_1
Fra:144 Mem:22.80M (Peak 22.80M) | Time:00:00.02 | Syncing Orbiter_2
Fra:144 Mem:22.82M (Peak 22.82M) | Time:00:00.02 | Syncing Orbiter_3
Fra:144 Mem:22.84M (Peak 22.84M) | Time:00:00.02 | Syncing Orbiter_4
Fra:144 Mem:22.86M (Peak 22.86M) | Time:00:00.02 | Syncing Orbiter_5
Fra:144 Mem:22.88M (Peak 22.88M) | Time:00:00.02 | Syncing Orbiter_6
Fra:144 Mem:22.90M (Peak 22.90M) | Time:00:00.02 | Syncing Orbiter_7
Fra:144 Mem:22.92M (Peak 22.92M) | Time:00:00.02 | Syncing Orbiter_8
Fra:144 Mem:22.94M (Peak 22.94M) | Time:00:00.02 | Syncing Orbiter_9
Fra:144 Mem:22.96M (Peak 22.96M) | Time:00:00.02 | Syncing Orbiter_10
Fra:144 Mem:22.98M (Peak 22.98M) | Time:00:00.02 | Syncing Orbiter_11
Fra:144 Mem:23.00M (Peak 23.00M) | Time:00:00.02 | Syncing GlowDisc
Fra:144 Mem:23.01M (Peak 23.01M) | Time:00:00.02 | Syncing GiftCam
Fra:144 Mem:23.01M (Peak 23.01M) | Time:00:00.02 | Syncing Area
Fra:144 Mem:23.01M (Peak 23.01M) | Time:00:00.02 | Syncing Area.001
Fra:144 Mem:23.01M (Peak 23.01M) | Time:00:00.02 | Syncing Point
Fra:144 Mem:23.00M (Peak 23.01M) | Time:00:00.03 | Rendering 1 / 8 samples
Fra:144 Mem:22.85M (Peak 23.01M) | Time:00:01.36 | Rendering 8 / 8 samples
Saved: '/workspace/artifacts/gift-library/thumbnails/divine-mirror-of-all-viewers.png'
Time: 00:01.51 (Saving: 00:00.04)

11:57:02 | INFO: Primitives created: 1
11:57:02 | INFO: Extracting primitive: Sphere.001
11:57:02 | INFO: Primitives created: 1
11:57:02 | INFO: Extracting primitive: Sphere.002
11:57:02 | INFO: Primitives created: 1
11:57:02 | INFO: Extracting primitive: Sphere.003
11:57:02 | INFO: Primitives created: 1
11:57:02 | INFO: Extracting primitive: Sphere.004
11:57:02 | INFO: Primitives created: 1
11:57:02 | INFO: Extracting primitive: Sphere.005
11:57:02 | INFO: Primitives created: 1
11:57:02 | INFO: Extracting primitive: Sphere.006
11:57:02 | INFO: Primitives created: 1
11:57:02 | INFO: Extracting primitive: Sphere.007
11:57:02 | INFO: Primitives created: 1
11:57:02 | INFO: Extracting primitive: Sphere.008
11:57:02 | INFO: Primitives created: 1
11:57:02 | INFO: Extracting primitive: Sphere.009
11:57:02 | INFO: Primitives created: 1
11:57:02 | INFO: Extracting primitive: Sphere.010
11:57:02 | INFO: Primitives created: 1
11:57:02 | INFO: Extracting primitive: Sphere.011
11:57:02 | INFO: Primitives created: 1
11:57:02 | INFO: Extracting primitive: Cylinder
11:57:02 | INFO: Primitives created: 1
11:57:02 | INFO: Extracting primitive: Torus
11:57:02 | INFO: Primitives created: 1
11:57:03 | INFO: Finished glTF 2.0 export in 0.12169885635375977 s

[OK] #083 holographic-eden-genesis glb=387912B
Info: Saved "chronos-endgame-spiral.blend"
11:57:04 | ERROR: Draco mesh compression is not available because library could not be found at /usr/bin/4.0/python/lib/python3.12/site-packages/libextern_draco.so
11:57:04 | INFO: Starting glTF 2.0 export
11:57:04 | INFO: Extracting primitive: Sphere
11:57:04 | INFO: Primitives created: 1
11:57:04 | INFO: Extracting primitive: Sphere.001
11:57:04 | INFO: Primitives created: 1
11:57:04 | INFO: Extracting primitive: Sphere.002
11:57:04 | INFO: Primitives created: 1
11:57:04 | INFO: Extracting primitive: Sphere.003
11:57:04 | INFO: Primitives created: 1
11:57:04 | INFO: Extracting primitive: Sphere.004
11:57:04 | INFO: Primitives created: 1
11:57:04 | INFO: Extracting primitive: Sphere.005
11:57:04 | INFO: Primitives created: 1
11:57:04 | INFO: Extracting primitive: Sphere.006
11:57:04 | INFO: Primitives created: 1
11:57:04 | INFO: Extracting primitive: Sphere.007
11:57:04 | INFO: Primitives created: 1
11:57:04 | INFO: Extracting primitive: Sphere.008
11:57:04 | INFO: Primitives created: 1
11:57:04 | INFO: Extracting primitive: Sphere.009
11:57:04 | INFO: Primitives created: 1
11:57:04 | INFO: Extracting primitive: Sphere.010
11:57:04 | INFO: Primitives created: 1
11:57:04 | INFO: Extracting primitive: Sphere.011
11:57:04 | INFO: Primitives created: 1
11:57:04 | INFO: Extracting primitive: Cylinder
11:57:04 | INFO: Primitives created: 1
11:57:04 | INFO: Extracting primitive: Icosphere
11:57:04 | INFO: Primitives created: 1
11:57:04 | INFO: Finished glTF 2.0 export in 0.10314226150512695 s

[OK] #084 chronos-endgame-spiral glb=314448B
Info: Saved "leviathan-of-a-thousand-suns.blend"
11:57:06 | ERROR: Draco mesh compression is not available because library could not be found at /usr/bin/4.0/python/lib/python3.12/site-packages/libextern_draco.so
11:57:06 | INFO: Starting glTF 2.0 export
11:57:06 | INFO: Extracting primitive: Sphere
11:57:06 | INFO: Primitives created: 1
11:57:06 | INFO: Extracting primitive: Sphere.001
11:57:06 | INFO: Primitives created: 1
11:57:06 | INFO: Extracting primitive: Sphere.002
11:57:06 | INFO: Primitives created: 1
11:57:06 | INFO: Extracting primitive: Sphere.003
11:57:06 | INFO: Primitives created: 1
11:57:06 | INFO: Extracting primitive: Sphere.004
11:57:06 | INFO: Primitives created: 1
11:57:06 | INFO: Extracting primitive: Sphere.005
11:57:06 | INFO: Primitives created: 1
11:57:06 | INFO: Extracting primitive: Sphere.006
11:57:06 | INFO: Primitives created: 1
11:57:06 | INFO: Extracting primitive: Sphere.007
11:57:06 | INFO: Primitives created: 1
11:57:06 | INFO: Extracting primitive: Sphere.008
11:57:06 | INFO: Primitives created: 1
11:57:06 | INFO: Extracting primitive: Sphere.009
11:57:06 | INFO: Primitives created: 1
11:57:06 | INFO: Extracting primitive: Sphere.010
11:57:06 | INFO: Primitives created: 1
11:57:06 | INFO: Extracting primitive: Sphere.011
11:57:06 | INFO: Primitives created: 1
11:57:06 | INFO: Extracting primitive: Cylinder.001
11:57:06 | INFO: Primitives created: 1
11:57:06 | INFO: Extracting primitive: Cylinder
11:57:06 | INFO: Primitives created: 1
11:57:06 | INFO: Finished glTF 2.0 export in 0.10036730766296387 s

[OK] #085 leviathan-of-a-thousand-suns glb=282972B
Info: Saved "the-last-symphony-of-worlds.blend"
11:57:07 | ERROR: Draco mesh compression is not available because library could not be found at /usr/bin/4.0/python/lib/python3.12/site-packages/libextern_draco.so
11:57:07 | INFO: Starting glTF 2.0 export
11:57:07 | INFO: Extracting primitive: Sphere
11:57:07 | INFO: Primitives created: 1
11:57:07 | INFO: Extracting primitive: Sphere.001
11:57:07 | INFO: Primitives created: 1
11:57:07 | INFO: Extracting primitive: Sphere.002
11:57:07 | INFO: Primitives created: 1
11:57:07 | INFO: Extracting primitive: Sphere.003
11:57:07 | INFO: Primitives created: 1
11:57:07 | INFO: Extracting primitive: Sphere.004
11:57:07 | INFO: Primitives created: 1
11:57:07 | INFO: Extracting primitive: Sphere.005
11:57:07 | INFO: Primitives created: 1
11:57:07 | INFO: Extracting primitive: Sphere.006
11:57:07 | INFO: Primitives created: 1
11:57:07 | INFO: Extracting primitive: Sphere.007
11:57:07 | INFO: Primitives created: 1
11:57:07 | INFO: Extracting primitive: Sphere.008
11:57:07 | INFO: Primitives created: 1
11:57:07 | INFO: Extracting primitive: Sphere.009
11:57:07 | INFO: Primitives created: 1
11:57:07 | INFO: Extracting primitive: Sphere.010
11:57:07 | INFO: Primitives created: 1
11:57:07 | INFO: Extracting primitive: Sphere.011
11:57:07 | INFO: Primitives created: 1
11:57:07 | INFO: Extracting primitive: Cylinder
11:57:07 | INFO: Primitives created: 1
11:57:07 | INFO: Extracting primitive: Cone
11:57:07 | INFO: Primitives created: 1
11:57:08 | INFO: Finished glTF 2.0 export in 0.12334513664245605 s

[OK] #086 the-last-symphony-of-worlds glb=282700B
Info: Saved "divine-mirror-of-all-viewers.blend"
11:57:09 | ERROR: Draco mesh compression is not available because library could not be found at /usr/bin/4.0/python/lib/python3.12/site-packages/libextern_draco.so
11:57:09 | INFO: Starting glTF 2.0 export
11:57:09 | INFO: Extracting primitive: Sphere
11:57:09 | INFO: Primitives created: 1
11:57:09 | INFO: Extracting primitive: Sphere.001
11:57:09 | INFO: Primitives created: 1
11:57:09 | INFO: Extracting primitive: Sphere.002
11:57:09 | INFO: Primitives created: 1
11:57:09 | INFO: Extracting primitive: Sphere.003
11:57:09 | INFO: Primitives created: 1
11:57:09 | INFO: Extracting primitive: Sphere.004
11:57:09 | INFO: Primitives created: 1
11:57:09 | INFO: Extracting primitive: Sphere.005
11:57:09 | INFO: Primitives created: 1
11:57:09 | INFO: Extracting primitive: Sphere.006
11:57:09 | INFO: Primitives created: 1
11:57:09 | INFO: Extracting primitive: Sphere.007
11:57:09 | INFO: Primitives created: 1
11:57:09 | INFO: Extracting primitive: Sphere.008
11:57:09 | INFO: Primitives created: 1
11:57:09 | INFO: Extracting primitive: Sphere.009
11:57:09 | INFO: Primitives created: 1
11:57:09 | INFO: Extracting primitive: Sphere.010
11:57:09 | INFO: Primitives created: 1
11:57:09 | INFO: Extracting primitive: Sphere.011
11:57:09 | INFO: Primitives created: 1
11:57:09 | INFO: Extracting primitive: Cylinder
11:57:09 | INFO: Primitives created: 1
11:57:09 | INFO: Extracting primitive: Cone
11:57:09 | INFO: Primitives created: 1
11:57:09 | INFO: Finished glTF 2.0 export in 0.10335230827331543 s

[OK] #087 divine-mirror-of-all-viewers glb=279748B
Info: Saved "sylora-pantheon-ascension.blend"
11:57:11 | ERROR: Draco mesh compression is not available because library could not be found at /usr/bin/4.0/python/lib/python3.12/site-packages/libextern_draco.so
11:57:11 | INFO: Starting glTF 2.0 export
11:57:11 | INFO: Extracting primitive: Icosphere.001
11:57:11 | INFO: Primitives created: 1
11:57:11 | INFO: Extracting primitive: Icosphere.002
11:57:11 | INFO: Primitives created: 1
11:57:11 | INFO: Extracting primitive: Icosphere.003Fra:144 Mem:23.21M (Peak 23.21M) | Time:00:00.02 | Syncing CoreCluster
Fra:144 Mem:23.21M (Peak 23.21M) | Time:00:00.02 | Syncing Rig_sylora-pantheon-ascension
Fra:144 Mem:23.22M (Peak 23.22M) | Time:00:00.02 | Syncing Icosphere
Fra:144 Mem:23.23M (Peak 23.23M) | Time:00:00.02 | Syncing Icosphere.001
Fra:144 Mem:23.24M (Peak 23.24M) | Time:00:00.02 | Syncing Icosphere.002
Fra:144 Mem:23.25M (Peak 23.25M) | Time:00:00.02 | Syncing Icosphere.003
Fra:144 Mem:23.25M (Peak 23.25M) | Time:00:00.02 | Syncing Icosphere.004
Fra:144 Mem:23.26M (Peak 23.26M) | Time:00:00.02 | Syncing Orbiter_0
Fra:144 Mem:23.28M (Peak 23.28M) | Time:00:00.02 | Syncing Orbiter_1
Fra:144 Mem:23.30M (Peak 23.30M) | Time:00:00.02 | Syncing Orbiter_2
Fra:144 Mem:23.32M (Peak 23.32M) | Time:00:00.02 | Syncing Orbiter_3
Fra:144 Mem:23.34M (Peak 23.34M) | Time:00:00.02 | Syncing Orbiter_4
Fra:144 Mem:23.36M (Peak 23.36M) | Time:00:00.02 | Syncing Orbiter_5
Fra:144 Mem:23.38M (Peak 23.38M) | Time:00:00.02 | Syncing Orbiter_6
Fra:144 Mem:23.40M (Peak 23.40M) | Time:00:00.02 | Syncing Orbiter_7
Fra:144 Mem:23.42M (Peak 23.42M) | Time:00:00.02 | Syncing Orbiter_8
Fra:144 Mem:23.44M (Peak 23.44M) | Time:00:00.02 | Syncing Orbiter_9
Fra:144 Mem:23.46M (Peak 23.46M) | Time:00:00.02 | Syncing Orbiter_10
Fra:144 Mem:23.48M (Peak 23.48M) | Time:00:00.02 | Syncing Orbiter_11
Fra:144 Mem:23.49M (Peak 23.49M) | Time:00:00.02 | Syncing GlowDisc
Fra:144 Mem:23.51M (Peak 23.51M) | Time:00:00.02 | Syncing GiftCam
Fra:144 Mem:23.51M (Peak 23.51M) | Time:00:00.02 | Syncing Area
Fra:144 Mem:23.51M (Peak 23.51M) | Time:00:00.02 | Syncing Area.001
Fra:144 Mem:23.51M (Peak 23.51M) | Time:00:00.02 | Syncing Point
Fra:144 Mem:23.50M (Peak 23.51M) | Time:00:00.03 | Rendering 1 / 8 samples
Fra:144 Mem:23.34M (Peak 23.51M) | Time:00:01.34 | Rendering 8 / 8 samples
Saved: '/workspace/artifacts/gift-library/thumbnails/sylora-pantheon-ascension.png'
Time: 00:01.50 (Saving: 00:00.05)

Fra:144 Mem:22.79M (Peak 22.79M) | Time:00:00.02 | Syncing CoreCrystal
Fra:144 Mem:22.80M (Peak 22.80M) | Time:00:00.02 | Syncing Rig_infinity-phoenix-rebirth-gate
Fra:144 Mem:22.80M (Peak 22.80M) | Time:00:00.02 | Syncing Orbiter_0
Fra:144 Mem:22.82M (Peak 22.82M) | Time:00:00.02 | Syncing Orbiter_1
Fra:144 Mem:22.84M (Peak 22.84M) | Time:00:00.02 | Syncing Orbiter_2
Fra:144 Mem:22.86M (Peak 22.86M) | Time:00:00.02 | Syncing Orbiter_3
Fra:144 Mem:22.88M (Peak 22.88M) | Time:00:00.02 | Syncing Orbiter_4
Fra:144 Mem:22.90M (Peak 22.90M) | Time:00:00.02 | Syncing Orbiter_5
Fra:144 Mem:22.92M (Peak 22.92M) | Time:00:00.02 | Syncing Orbiter_6
Fra:144 Mem:22.94M (Peak 22.94M) | Time:00:00.02 | Syncing Orbiter_7
Fra:144 Mem:22.96M (Peak 22.96M) | Time:00:00.02 | Syncing Orbiter_8
Fra:144 Mem:22.97M (Peak 22.97M) | Time:00:00.02 | Syncing Orbiter_9
Fra:144 Mem:22.99M (Peak 22.99M) | Time:00:00.02 | Syncing Orbiter_10
Fra:144 Mem:23.01M (Peak 23.01M) | Time:00:00.02 | Syncing Orbiter_11
Fra:144 Mem:23.03M (Peak 23.03M) | Time:00:00.02 | Syncing GlowDisc
Fra:144 Mem:23.05M (Peak 23.05M) | Time:00:00.02 | Syncing GiftCam
Fra:144 Mem:23.05M (Peak 23.05M) | Time:00:00.02 | Syncing Area
Fra:144 Mem:23.05M (Peak 23.05M) | Time:00:00.02 | Syncing Area.001
Fra:144 Mem:23.05M (Peak 23.05M) | Time:00:00.02 | Syncing Point
Fra:144 Mem:23.04M (Peak 23.05M) | Time:00:00.03 | Rendering 1 / 8 samples
Fra:144 Mem:22.89M (Peak 23.05M) | Time:00:01.32 | Rendering 8 / 8 samples
Saved: '/workspace/artifacts/gift-library/thumbnails/infinity-phoenix-rebirth-gate.png'
Time: 00:01.47 (Saving: 00:00.05)

Fra:144 Mem:23.24M (Peak 23.24M) | Time:00:00.02 | Syncing CoreCluster
Fra:144 Mem:23.25M (Peak 23.25M) | Time:00:00.02 | Syncing Rig_cosmic-ocean-throne-eternal
Fra:144 Mem:23.25M (Peak 23.25M) | Time:00:00.02 | Syncing Icosphere
Fra:144 Mem:23.26M (Peak 23.26M) | Time:00:00.02 | Syncing Icosphere.001
Fra:144 Mem:23.27M (Peak 23.27M) | Time:00:00.02 | Syncing Icosphere.002
Fra:144 Mem:23.28M (Peak 23.28M) | Time:00:00.02 | Syncing Icosphere.003
Fra:144 Mem:23.29M (Peak 23.29M) | Time:00:00.02 | Syncing Icosphere.004
Fra:144 Mem:23.30M (Peak 23.30M) | Time:00:00.02 | Syncing Orbiter_0
Fra:144 Mem:23.32M (Peak 23.32M) | Time:00:00.02 | Syncing Orbiter_1
Fra:144 Mem:23.34M (Peak 23.34M) | Time:00:00.02 | Syncing Orbiter_2
Fra:144 Mem:23.36M (Peak 23.36M) | Time:00:00.02 | Syncing Orbiter_3
Fra:144 Mem:23.38M (Peak 23.38M) | Time:00:00.02 | Syncing Orbiter_4
Fra:144 Mem:23.40M (Peak 23.40M) | Time:00:00.02 | Syncing Orbiter_5
Fra:144 Mem:23.41M (Peak 23.41M) | Time:00:00.02 | Syncing Orbiter_6
Fra:144 Mem:23.43M (Peak 23.43M) | Time:00:00.02 | Syncing Orbiter_7
Fra:144 Mem:23.45M (Peak 23.45M) | Time:00:00.02 | Syncing Orbiter_8
Fra:144 Mem:23.47M (Peak 23.47M) | Time:00:00.02 | Syncing Orbiter_9
Fra:144 Mem:23.49M (Peak 23.49M) | Time:00:00.02 | Syncing Orbiter_10
Fra:144 Mem:23.51M (Peak 23.51M) | Time:00:00.02 | Syncing Orbiter_11
Fra:144 Mem:23.53M (Peak 23.53M) | Time:00:00.02 | Syncing GlowDisc
Fra:144 Mem:23.54M (Peak 23.54M) | Time:00:00.02 | Syncing GiftCam
Fra:144 Mem:23.54M (Peak 23.54M) | Time:00:00.02 | Syncing Area
Fra:144 Mem:23.54M (Peak 23.54M) | Time:00:00.02 | Syncing Area.001
Fra:144 Mem:23.54M (Peak 23.54M) | Time:00:00.02 | Syncing Point
Fra:144 Mem:23.53M (Peak 23.54M) | Time:00:00.02 | Rendering 1 / 8 samples
Fra:144 Mem:23.37M (Peak 23.54M) | Time:00:01.33 | Rendering 8 / 8 samples
Saved: '/workspace/artifacts/gift-library/thumbnails/cosmic-ocean-throne-eternal.png'
Time: 00:01.50 (Saving: 00:00.05)

Fra:144 Mem:22.83M (Peak 22.83M) | Time:00:00.02 | Syncing CoreCrystal
Fra:144 Mem:22.83M (Peak 22.83M) | Time:00:00.02 | Syncing Rig_apotheosis-of-the-live-stage
Fra:144 Mem:22.84M (Peak 22.84M) | Time:00:00.02 | Syncing Orbiter_0
Fra:144 Mem:22.86M (Peak 22.86M) | Time:00:00.02 | Syncing Orbiter_1
Fra:144 Mem:22.88M (Peak 22.88M) | Time:00:00.02 | Syncing Orbiter_2
Fra:144 Mem:22.90M (Peak 22.90M) | Time:00:00.02 | Syncing Orbiter_3
Fra:144 Mem:22.92M (Peak 22.92M) | Time:00:00.02 | Syncing Orbiter_4
Fra:144 Mem:22.93M (Peak 22.93M) | Time:00:00.02 | Syncing Orbiter_5
Fra:144 Mem:22.95M (Peak 22.95M) | Time:00:00.02 | Syncing Orbiter_6
Fra:144 Mem:22.97M (Peak 22.97M) | Time:00:00.02 | Syncing Orbiter_7
Fra:144 Mem:22.99M (Peak 22.99M) | Time:00:00.02 | Syncing Orbiter_8
Fra:144 Mem:23.01M (Peak 23.01M) | Time:00:00.02 | Syncing Orbiter_9
Fra:144 Mem:23.03M (Peak 23.03M) | Time:00:00.02 | Syncing Orbiter_10
Fra:144 Mem:23.05M (Peak 23.05M) | Time:00:00.02 | Syncing Orbiter_11
Fra:144 Mem:23.07M (Peak 23.07M) | Time:00:00.02 | Syncing GlowDisc
Fra:144 Mem:23.08M (Peak 23.08M) | Time:00:00.02 | Syncing GiftCam
Fra:144 Mem:23.08M (Peak 23.08M) | Time:00:00.02 | Syncing Area
Fra:144 Mem:23.08M (Peak 23.08M) | Time:00:00.02 | Syncing Area.001
Fra:144 Mem:23.08M (Peak 23.08M) | Time:00:00.02 | Syncing Point
Fra:144 Mem:23.08M (Peak 23.08M) | Time:00:00.02 | Rendering 1 / 8 samples
Fra:144 Mem:22.92M (Peak 23.08M) | Time:00:01.34 | Rendering 8 / 8 samples
Saved: '/workspace/artifacts/gift-library/thumbnails/apotheosis-of-the-live-stage.png'
Time: 00:01.50 (Saving: 00:00.06)


11:57:11 | INFO: Primitives created: 1
11:57:11 | INFO: Extracting primitive: Icosphere.004
11:57:11 | INFO: Primitives created: 1
11:57:11 | INFO: Extracting primitive: Icosphere.005
11:57:11 | INFO: Primitives created: 1
11:57:11 | INFO: Extracting primitive: Sphere
11:57:11 | INFO: Primitives created: 1
11:57:11 | INFO: Extracting primitive: Sphere.001
11:57:11 | INFO: Primitives created: 1
11:57:11 | INFO: Extracting primitive: Sphere.002
11:57:11 | INFO: Primitives created: 1
11:57:11 | INFO: Extracting primitive: Sphere.003
11:57:11 | INFO: Primitives created: 1
11:57:11 | INFO: Extracting primitive: Sphere.004
11:57:11 | INFO: Primitives created: 1
11:57:11 | INFO: Extracting primitive: Sphere.005
11:57:11 | INFO: Primitives created: 1
11:57:11 | INFO: Extracting primitive: Sphere.006
11:57:11 | INFO: Primitives created: 1
11:57:11 | INFO: Extracting primitive: Sphere.007
11:57:11 | INFO: Primitives created: 1
11:57:11 | INFO: Extracting primitive: Sphere.008
11:57:11 | INFO: Primitives created: 1
11:57:11 | INFO: Extracting primitive: Sphere.009
11:57:11 | INFO: Primitives created: 1
11:57:11 | INFO: Extracting primitive: Sphere.010
11:57:11 | INFO: Primitives created: 1
11:57:11 | INFO: Extracting primitive: Sphere.011
11:57:11 | INFO: Primitives created: 1
11:57:11 | INFO: Extracting primitive: Cylinder
11:57:11 | INFO: Primitives created: 1
11:57:11 | INFO: Extracting primitive: Icosphere
11:57:11 | INFO: Primitives created: 1
11:57:11 | INFO: Finished glTF 2.0 export in 0.12410879135131836 s

[OK] #088 sylora-pantheon-ascension glb=302084B
Info: Saved "infinity-phoenix-rebirth-gate.blend"
11:57:13 | ERROR: Draco mesh compression is not available because library could not be found at /usr/bin/4.0/python/lib/python3.12/site-packages/libextern_draco.so
11:57:13 | INFO: Starting glTF 2.0 export
11:57:13 | INFO: Extracting primitive: Sphere
11:57:13 | INFO: Primitives created: 1
11:57:13 | INFO: Extracting primitive: Sphere.001
11:57:13 | INFO: Primitives created: 1
11:57:13 | INFO: Extracting primitive: Sphere.002
11:57:13 | INFO: Primitives created: 1
11:57:13 | INFO: Extracting primitive: Sphere.003
11:57:13 | INFO: Primitives created: 1
11:57:13 | INFO: Extracting primitive: Sphere.004
11:57:13 | INFO: Primitives created: 1
11:57:13 | INFO: Extracting primitive: Sphere.005
11:57:13 | INFO: Primitives created: 1
11:57:13 | INFO: Extracting primitive: Sphere.006
11:57:13 | INFO: Primitives created: 1
11:57:13 | INFO: Extracting primitive: Sphere.007
11:57:13 | INFO: Primitives created: 1
11:57:13 | INFO: Extracting primitive: Sphere.008
11:57:13 | INFO: Primitives created: 1
11:57:13 | INFO: Extracting primitive: Sphere.009
11:57:13 | INFO: Primitives created: 1
11:57:13 | INFO: Extracting primitive: Sphere.010
11:57:13 | INFO: Primitives created: 1
11:57:13 | INFO: Extracting primitive: Sphere.011
11:57:13 | INFO: Primitives created: 1
11:57:13 | INFO: Extracting primitive: Cylinder
11:57:13 | INFO: Primitives created: 1
11:57:13 | INFO: Extracting primitive: Cone
11:57:13 | INFO: Primitives created: 1
11:57:13 | INFO: Finished glTF 2.0 export in 0.10451436042785645 s

[OK] #089 infinity-phoenix-rebirth-gate glb=282708B
Info: Saved "cosmic-ocean-throne-eternal.blend"
11:57:14 | ERROR: Draco mesh compression is not available because library could not be found at /usr/bin/4.0/python/lib/python3.12/site-packages/libextern_draco.so
11:57:14 | INFO: Starting glTF 2.0 export
11:57:14 | INFO: Extracting primitive: Icosphere.001
11:57:14 | INFO: Primitives created: 1
11:57:14 | INFO: Extracting primitive: Icosphere.002
11:57:14 | INFO: Primitives created: 1
11:57:14 | INFO: Extracting primitive: Icosphere.003
11:57:14 | INFO: Primitives created: 1
11:57:14 | INFO: Extracting primitive: Icosphere.004
11:57:14 | INFO: Primitives created: 1
11:57:14 | INFO: Extracting primitive: Icosphere.005
11:57:14 | INFO: Primitives created: 1
11:57:14 | INFO: Extracting primitive: Sphere
11:57:14 | INFO: Primitives created: 1
11:57:14 | INFO: Extracting primitive: Sphere.001
11:57:14 | INFO: Primitives created: 1
11:57:14 | INFO: Extracting primitive: Sphere.002
11:57:14 | INFO: Primitives created: 1
11:57:14 | INFO: Extracting primitive: Sphere.003
11:57:14 | INFO: Primitives created: 1
11:57:14 | INFO: Extracting primitive: Sphere.004
11:57:14 | INFO: Primitives created: 1
11:57:14 | INFO: Extracting primitive: Sphere.005
11:57:14 | INFO: Primitives created: 1
11:57:14 | INFO: Extracting primitive: Sphere.006
11:57:14 | INFO: Primitives created: 1
11:57:14 | INFO: Extracting primitive: Sphere.007
11:57:14 | INFO: Primitives created: 1
11:57:14 | INFO: Extracting primitive: Sphere.008
11:57:14 | INFO: Primitives created: 1
11:57:14 | INFO: Extracting primitive: Sphere.009
11:57:14 | INFO: Primitives created: 1
11:57:14 | INFO: Extracting primitive: Sphere.010
11:57:14 | INFO: Primitives created: 1
11:57:14 | INFO: Extracting primitive: Sphere.011
11:57:14 | INFO: Primitives created: 1
11:57:14 | INFO: Extracting primitive: Cylinder
11:57:14 | INFO: Primitives created: 1
11:57:14 | INFO: Extracting primitive: Icosphere
11:57:14 | INFO: Primitives created: 1
11:57:14 | INFO: Finished glTF 2.0 export in 0.13904261589050293 s

[OK] #090 cosmic-ocean-throne-eternal glb=303572B
Info: Saved "apotheosis-of-the-live-stage.blend"
11:57:16 | ERROR: Draco mesh compression is not available because library could not be found at /usr/bin/4.0/python/lib/python3.12/site-packages/libextern_draco.so
11:57:16 | INFO: Starting glTF 2.0 export
11:57:16 | INFO: Extracting primitive: Sphere
11:57:16 | INFO: Primitives created: 1
11:57:16 | INFO: Extracting primitive: Sphere.001
11:57:16 | INFO: Primitives created: 1
11:57:16 | INFO: Extracting primitive: Sphere.002
11:57:16 | INFO: Primitives created: 1
11:57:16 | INFO: Extracting primitive: Sphere.003
11:57:16 | INFO: Primitives created: 1
11:57:16 | INFO: Extracting primitive: Sphere.004
11:57:16 | INFO: Primitives created: 1
11:57:16 | INFO: Extracting primitive: Sphere.005
11:57:16 | INFO: Primitives created: 1
11:57:16 | INFO: Extracting primitive: Sphere.006
11:57:16 | INFO: Primitives created: 1
11:57:16 | INFO: Extracting primitive: Sphere.007
11:57:16 | INFO: Primitives created: 1
11:57:16 | INFO: Extracting primitive: Sphere.008
11:57:16 | INFO: Primitives created: 1
11:57:16 | INFO: Extracting primitive: Sphere.009
11:57:16 | INFO: Primitives created: 1
11:57:16 | INFO: Extracting primitive: Sphere.010
11:57:16 | INFO: Primitives created: 1
11:57:16 | INFO: Extracting primitive: Sphere.011
11:57:16 | INFO: Primitives created: 1
11:57:16 | INFO: Extracting primitive: Cylinder
11:57:16 | INFO: Primitives created: 1
11:57:16 | INFO: Extracting primitive: Cone
11:57:16 | INFO: Primitives created: 1
11:57:16 | INFO: Finished glTF 2.0 export in 0.10186576843261719 s

[OK] #091 apotheosis-of-the-live-stage glb=281228B
Info: Saved "prime-mover-gift-cascade.blend"
11:57:18 | ERROR: Draco mesh compression is not available because library could not be found at /usr/bin/4.0/python/lib/python3.12/site-packages/libextern_draco.so
11:57:18 | INFO: Starting glTF 2.0 export
11:57:18 | INFO: Extracting primitive: Sphere.001
11:57:18 | INFO: Primitives created: 1
11:57:18 | INFO: Extracting primitive: Sphere.002
11:57:18 | INFO: Primitives created: 1
11:57:18 | INFO: Extracting primitive: Sphere.003
11:57:18 | INFO: Primitives created: 1
11:57:18 | INFO: Extracting primitive: Sphere.004
11:57:18 | INFO: Primitives created: 1
11:57:18 | INFO: Extracting primitive: Sphere.005
11:57:18 | INFO: Primitives created: 1
11:57:18 | INFO: Extracting primitive: Sphere.006
11:57:18 | INFO: Primitives created: 1
11:57:18 | INFO: Extracting primitive: Sphere.007
11:57:18 | INFO: Primitives created: 1
11:57:18 | INFO: Extracting primitive: Sphere.008
11:57:18 | INFO: Primitives created: 1
11:57:18 | INFO: Extracting primitive: Sphere.009
11:57:18 | INFO: Primitives created: 1
11:57:18 | INFO: Extracting primitive: Sphere.010
11:57:18 | INFO: Primitives created: 1
11:57:18 | INFO: Extracting primitive: Sphere.011
11:57:18 | INFO: Primitives created: 1
11:57:18 | INFO: Extracting primitive: Sphere.012
11:57:18 | INFO: Primitives created: 1
11:57:18 | INFO: Extracting primitive: CylinderFra:144 Mem:23.10M (Peak 23.10M) | Time:00:00.02 | Syncing CoreSphere
Fra:144 Mem:23.21M (Peak 23.21M) | Time:00:00.02 | Syncing Rig_prime-mover-gift-cascade
Fra:144 Mem:23.22M (Peak 23.22M) | Time:00:00.02 | Syncing Orbiter_0
Fra:144 Mem:23.24M (Peak 23.24M) | Time:00:00.02 | Syncing Orbiter_1
Fra:144 Mem:23.26M (Peak 23.26M) | Time:00:00.02 | Syncing Orbiter_2
Fra:144 Mem:23.28M (Peak 23.28M) | Time:00:00.02 | Syncing Orbiter_3
Fra:144 Mem:23.30M (Peak 23.30M) | Time:00:00.02 | Syncing Orbiter_4
Fra:144 Mem:23.31M (Peak 23.31M) | Time:00:00.02 | Syncing Orbiter_5
Fra:144 Mem:23.33M (Peak 23.33M) | Time:00:00.02 | Syncing Orbiter_6
Fra:144 Mem:23.35M (Peak 23.35M) | Time:00:00.02 | Syncing Orbiter_7
Fra:144 Mem:23.37M (Peak 23.37M) | Time:00:00.02 | Syncing Orbiter_8
Fra:144 Mem:23.39M (Peak 23.39M) | Time:00:00.02 | Syncing Orbiter_9
Fra:144 Mem:23.41M (Peak 23.41M) | Time:00:00.02 | Syncing Orbiter_10
Fra:144 Mem:23.43M (Peak 23.43M) | Time:00:00.02 | Syncing Orbiter_11
Fra:144 Mem:23.45M (Peak 23.45M) | Time:00:00.02 | Syncing GlowDisc
Fra:144 Mem:23.46M (Peak 23.46M) | Time:00:00.02 | Syncing GiftCam
Fra:144 Mem:23.46M (Peak 23.46M) | Time:00:00.02 | Syncing Area
Fra:144 Mem:23.46M (Peak 23.46M) | Time:00:00.02 | Syncing Area.001
Fra:144 Mem:23.46M (Peak 23.46M) | Time:00:00.02 | Syncing Point
Fra:144 Mem:23.46M (Peak 23.46M) | Time:00:00.03 | Rendering 1 / 8 samples
Fra:144 Mem:23.19M (Peak 23.46M) | Time:00:01.47 | Rendering 8 / 8 samples
Saved: '/workspace/artifacts/gift-library/thumbnails/prime-mover-gift-cascade.png'
Time: 00:01.63 (Saving: 00:00.04)

Fra:144 Mem:22.86M (Peak 22.86M) | Time:00:00.02 | Syncing CoreCrystal
Fra:144 Mem:22.87M (Peak 22.87M) | Time:00:00.02 | Syncing Rig_unbound-creation-anvil
Fra:144 Mem:22.87M (Peak 22.87M) | Time:00:00.02 | Syncing Orbiter_0
Fra:144 Mem:22.89M (Peak 22.89M) | Time:00:00.02 | Syncing Orbiter_1
Fra:144 Mem:22.91M (Peak 22.91M) | Time:00:00.02 | Syncing Orbiter_2
Fra:144 Mem:22.93M (Peak 22.93M) | Time:00:00.02 | Syncing Orbiter_3
Fra:144 Mem:22.95M (Peak 22.95M) | Time:00:00.02 | Syncing Orbiter_4
Fra:144 Mem:22.97M (Peak 22.97M) | Time:00:00.02 | Syncing Orbiter_5
Fra:144 Mem:22.99M (Peak 22.99M) | Time:00:00.02 | Syncing Orbiter_6
Fra:144 Mem:23.01M (Peak 23.01M) | Time:00:00.02 | Syncing Orbiter_7
Fra:144 Mem:23.03M (Peak 23.03M) | Time:00:00.02 | Syncing Orbiter_8
Fra:144 Mem:23.05M (Peak 23.05M) | Time:00:00.02 | Syncing Orbiter_9
Fra:144 Mem:23.06M (Peak 23.06M) | Time:00:00.02 | Syncing Orbiter_10
Fra:144 Mem:23.08M (Peak 23.08M) | Time:00:00.02 | Syncing Orbiter_11
Fra:144 Mem:23.10M (Peak 23.10M) | Time:00:00.02 | Syncing GlowDisc
Fra:144 Mem:23.12M (Peak 23.12M) | Time:00:00.02 | Syncing GiftCam
Fra:144 Mem:23.12M (Peak 23.12M) | Time:00:00.02 | Syncing Area
Fra:144 Mem:23.12M (Peak 23.12M) | Time:00:00.02 | Syncing Area.001
Fra:144 Mem:23.12M (Peak 23.12M) | Time:00:00.02 | Syncing Point
Fra:144 Mem:23.11M (Peak 23.12M) | Time:00:00.02 | Rendering 1 / 8 samples
Fra:144 Mem:22.96M (Peak 23.12M) | Time:00:01.36 | Rendering 8 / 8 samples
Saved: '/workspace/artifacts/gift-library/thumbnails/unbound-creation-anvil.png'
Time: 00:01.52 (Saving: 00:00.05)

Fra:144 Mem:23.05M (Peak 23.05M) | Time:00:00.02 | Syncing CoreTorus
Fra:144 Mem:23.13M (Peak 23.13M) | Time:00:00.02 | Syncing Rig_eternal-night-bloom-daybreak
Fra:144 Mem:23.14M (Peak 23.14M) | Time:00:00.02 | Syncing Orbiter_0
Fra:144 Mem:23.16M (Peak 23.16M) | Time:00:00.02 | Syncing Orbiter_1
Fra:144 Mem:23.18M (Peak 23.18M) | Time:00:00.02 | Syncing Orbiter_2
Fra:144 Mem:23.20M (Peak 23.20M) | Time:00:00.02 | Syncing Orbiter_3
Fra:144 Mem:23.22M (Peak 23.22M) | Time:00:00.02 | Syncing Orbiter_4
Fra:144 Mem:23.23M (Peak 23.23M) | Time:00:00.02 | Syncing Orbiter_5
Fra:144 Mem:23.25M (Peak 23.25M) | Time:00:00.02 | Syncing Orbiter_6
Fra:144 Mem:23.27M (Peak 23.27M) | Time:00:00.02 | Syncing Orbiter_7
Fra:144 Mem:23.29M (Peak 23.29M) | Time:00:00.02 | Syncing Orbiter_8
Fra:144 Mem:23.31M (Peak 23.31M) | Time:00:00.02 | Syncing Orbiter_9
Fra:144 Mem:23.33M (Peak 23.33M) | Time:00:00.02 | Syncing Orbiter_10
Fra:144 Mem:23.35M (Peak 23.35M) | Time:00:00.02 | Syncing Orbiter_11
Fra:144 Mem:23.37M (Peak 23.37M) | Time:00:00.02 | Syncing GlowDisc
Fra:144 Mem:23.38M (Peak 23.38M) | Time:00:00.02 | Syncing GiftCam
Fra:144 Mem:23.38M (Peak 23.38M) | Time:00:00.02 | Syncing Area
Fra:144 Mem:23.38M (Peak 23.38M) | Time:00:00.02 | Syncing Area.001
Fra:144 Mem:23.38M (Peak 23.38M) | Time:00:00.02 | Syncing Point
Fra:144 Mem:23.37M (Peak 23.38M) | Time:00:00.03 | Rendering 1 / 8 samples
Fra:144 Mem:23.15M (Peak 23.38M) | Time:00:01.45 | Rendering 8 / 8 samples
Saved: '/workspace/artifacts/gift-library/thumbnails/eternal-night-bloom-daybreak.png'
Time: 00:01.63 (Saving: 00:00.06)

Fra:144 Mem:22.95M (Peak 22.95M) | Time:00:00.02 | Syncing CoreIco
Fra:144 Mem:22.97M (Peak 22.97M) | Time:00:00.02 | Syncing Rig_worldsoul-resonance-choir
Fra:144 Mem:22.98M (Peak 22.98M) | Time:00:00.02 | Syncing Orbiter_0
Fra:144 Mem:23.00M (Peak 23.00M) | Time:00:00.02 | Syncing Orbiter_1
Fra:144 Mem:23.02M (Peak 23.02M) | Time:00:00.02 | Syncing Orbiter_2
Fra:144 Mem:23.04M (Peak 23.04M) | Time:00:00.02 | Syncing Orbiter_3
Fra:144 Mem:23.05M (Peak 23.05M) | Time:00:00.02 | Syncing Orbiter_4
Fra:144 Mem:23.07M (Peak 23.07M) | Time:00:00.02 | Syncing Orbiter_5
Fra:144 Mem:23.09M (Peak 23.09M) | Time:00:00.02 | Syncing Orbiter_6
Fra:144 Mem:23.11M (Peak 23.11M) | Time:00:00.02 | Syncing Orbiter_7
Fra:144 Mem:23.13M (Peak 23.13M) | Time:00:00.02 | Syncing Orbiter_8
Fra:144 Mem:23.15M (Peak 23.15M) | Time:00:00.02 | Syncing Orbiter_9
Fra:144 Mem:23.17M (Peak 23.17M) | Time:00:00.02 | Syncing Orbiter_10
Fra:144 Mem:23.19M (Peak 23.19M) | Time:00:00.02 | Syncing Orbiter_11
Fra:144 Mem:23.21M (Peak 23.21M) | Time:00:00.02 | Syncing GlowDisc
Fra:144 Mem:23.22M (Peak 23.22M) | Time:00:00.02 | Syncing GiftCam
Fra:144 Mem:23.22M (Peak 23.22M) | Time:00:00.02 | Syncing Area
Fra:144 Mem:23.22M (Peak 23.22M) | Time:00:00.02 | Syncing Area.001
Fra:144 Mem:23.22M (Peak 23.22M) | Time:00:00.02 | Syncing Point
Fra:144 Mem:23.21M (Peak 23.22M) | Time:00:00.03 | Rendering 1 / 8 samples
Fra:144 Mem:23.04M (Peak 23.22M) | Time:00:01.36 | Rendering 8 / 8 samples
Saved: '/workspace/artifacts/gift-library/thumbnails/worldsoul-resonance-choir.png'
Time: 00:01.53 (Saving: 00:00.06)

Fra:144 Mem:23.34M (Peak 23.34M) | Time:00:00.02 | Syncing CoreCluster
Fra:144 Mem:23.35M (Peak 23.35M) | Time:00:00.02 | Syncing Rig_hypernova-covenant-seal
Fra:144 Mem:23.36M (Peak 23.36M) | Time:00:00.02 | Syncing Icosphere
Fra:144 Mem:23.37M (Peak 23.37M) | Time:00:00.02 | Syncing Icosphere.001
Fra:144 Mem:23.38M (Peak 23.38M) | Time:00:00.02 | Syncing Icosphere.002
Fra:144 Mem:23.39M (Peak 23.39M) | Time:00:00.02 | Syncing Icosphere.003
Fra:144 Mem:23.39M (Peak 23.39M) | Time:00:00.02 | Syncing Icosphere.004
Fra:144 Mem:23.40M (Peak 23.40M) | Time:00:00.02 | Syncing Orbiter_0
Fra:144 Mem:23.42M (Peak 23.42M) | Time:00:00.02 | Syncing Orbiter_1
Fra:144 Mem:23.44M (Peak 23.44M) | Time:00:00.02 | Syncing Orbiter_2
Fra:144 Mem:23.46M (Peak 23.46M) | Time:00:00.02 | Syncing Orbiter_3
Fra:144 Mem:23.48M (Peak 23.48M) | Time:00:00.02 | Syncing Orbiter_4
Fra:144 Mem:23.50M (Peak 23.50M) | Time:00:00.02 | Syncing Orbiter_5
Fra:144 Mem:23.52M (Peak 23.52M) | Time:00:00.02 | Syncing Orbiter_6
Fra:144 Mem:23.54M (Peak 23.54M) | Time:00:00.02 | Syncing Orbiter_7
Fra:144 Mem:23.56M (Peak 23.56M) | Time:00:00.02 | Syncing Orbiter_8
Fra:144 Mem:23.58M (Peak 23.58M) | Time:00:00.02 | Syncing Orbiter_9
Fra:144 Mem:23.60M (Peak 23.60M) | Time:00:00.02 | Syncing Orbiter_10
Fra:144 Mem:23.61M (Peak 23.61M) | Time:00:00.02 | Syncing Orbiter_11
Fra:144 Mem:23.63M (Peak 23.63M) | Time:00:00.02 | Syncing GlowDisc
Fra:144 Mem:23.65M (Peak 23.65M) | Time:00:00.02 | Syncing GiftCam
Fra:144 Mem:23.65M (Peak 23.65M) | Time:00:00.02 | Syncing Area
Fra:144 Mem:23.65M (Peak 23.65M) | Time:00:00.02 | Syncing Area.001
Fra:144 Mem:23.65M (Peak 23.65M) | Time:00:00.02 | Syncing Point
Fra:144 Mem:23.64M (Peak 23.65M) | Time:00:00.03 | Rendering 1 / 8 samples
Fra:144 Mem:23.48M (Peak 23.65M) | Time:00:01.30 | Rendering 8 / 8 samples
Saved: '/workspace/artifacts/gift-library/thumbnails/hypernova-covenant-seal.png'
Time: 00:01.46 (Saving: 00:00.05)


11:57:18 | INFO: Primitives created: 1
11:57:18 | INFO: Extracting primitive: Sphere
11:57:18 | INFO: Primitives created: 1
11:57:18 | INFO: Finished glTF 2.0 export in 0.12520360946655273 s

[OK] #092 prime-mover-gift-cascade glb=436520B
Info: Saved "unbound-creation-anvil.blend"
11:57:19 | ERROR: Draco mesh compression is not available because library could not be found at /usr/bin/4.0/python/lib/python3.12/site-packages/libextern_draco.so
11:57:19 | INFO: Starting glTF 2.0 export
11:57:19 | INFO: Extracting primitive: Sphere
11:57:19 | INFO: Primitives created: 1
11:57:19 | INFO: Extracting primitive: Sphere.001
11:57:19 | INFO: Primitives created: 1
11:57:19 | INFO: Extracting primitive: Sphere.002
11:57:19 | INFO: Primitives created: 1
11:57:19 | INFO: Extracting primitive: Sphere.003
11:57:19 | INFO: Primitives created: 1
11:57:19 | INFO: Extracting primitive: Sphere.004
11:57:19 | INFO: Primitives created: 1
11:57:19 | INFO: Extracting primitive: Sphere.005
11:57:19 | INFO: Primitives created: 1
11:57:19 | INFO: Extracting primitive: Sphere.006
11:57:19 | INFO: Primitives created: 1
11:57:19 | INFO: Extracting primitive: Sphere.007
11:57:19 | INFO: Primitives created: 1
11:57:19 | INFO: Extracting primitive: Sphere.008
11:57:19 | INFO: Primitives created: 1
11:57:19 | INFO: Extracting primitive: Sphere.009
11:57:19 | INFO: Primitives created: 1
11:57:19 | INFO: Extracting primitive: Sphere.010
11:57:19 | INFO: Primitives created: 1
11:57:19 | INFO: Extracting primitive: Sphere.011
11:57:19 | INFO: Primitives created: 1
11:57:19 | INFO: Extracting primitive: Cylinder
11:57:19 | INFO: Primitives created: 1
11:57:19 | INFO: Extracting primitive: Cone
11:57:19 | INFO: Primitives created: 1
11:57:19 | INFO: Finished glTF 2.0 export in 0.10448527336120605 s

[OK] #093 unbound-creation-anvil glb=282672B
Info: Saved "eternal-night-bloom-daybreak.blend"
11:57:21 | ERROR: Draco mesh compression is not available because library could not be found at /usr/bin/4.0/python/lib/python3.12/site-packages/libextern_draco.so
11:57:21 | INFO: Starting glTF 2.0 export
11:57:21 | INFO: Extracting primitive: Sphere
11:57:21 | INFO: Primitives created: 1
11:57:21 | INFO: Extracting primitive: Sphere.001
11:57:21 | INFO: Primitives created: 1
11:57:21 | INFO: Extracting primitive: Sphere.002
11:57:21 | INFO: Primitives created: 1
11:57:21 | INFO: Extracting primitive: Sphere.003
11:57:21 | INFO: Primitives created: 1
11:57:21 | INFO: Extracting primitive: Sphere.004
11:57:21 | INFO: Primitives created: 1
11:57:21 | INFO: Extracting primitive: Sphere.005
11:57:21 | INFO: Primitives created: 1
11:57:21 | INFO: Extracting primitive: Sphere.006
11:57:21 | INFO: Primitives created: 1
11:57:21 | INFO: Extracting primitive: Sphere.007
11:57:21 | INFO: Primitives created: 1
11:57:21 | INFO: Extracting primitive: Sphere.008
11:57:21 | INFO: Primitives created: 1
11:57:21 | INFO: Extracting primitive: Sphere.009
11:57:21 | INFO: Primitives created: 1
11:57:21 | INFO: Extracting primitive: Sphere.010
11:57:21 | INFO: Primitives created: 1
11:57:21 | INFO: Extracting primitive: Sphere.011
11:57:21 | INFO: Primitives created: 1
11:57:21 | INFO: Extracting primitive: Cylinder
11:57:21 | INFO: Primitives created: 1
11:57:21 | INFO: Extracting primitive: Torus
11:57:21 | INFO: Primitives created: 1
11:57:21 | INFO: Finished glTF 2.0 export in 0.12286949157714844 s

[OK] #094 eternal-night-bloom-daybreak glb=389412B
Info: Saved "worldsoul-resonance-choir.blend"
11:57:23 | ERROR: Draco mesh compression is not available because library could not be found at /usr/bin/4.0/python/lib/python3.12/site-packages/libextern_draco.so
11:57:23 | INFO: Starting glTF 2.0 export
11:57:23 | INFO: Extracting primitive: Sphere
11:57:23 | INFO: Primitives created: 1
11:57:23 | INFO: Extracting primitive: Sphere.001
11:57:23 | INFO: Primitives created: 1
11:57:23 | INFO: Extracting primitive: Sphere.002
11:57:23 | INFO: Primitives created: 1
11:57:23 | INFO: Extracting primitive: Sphere.003
11:57:23 | INFO: Primitives created: 1
11:57:23 | INFO: Extracting primitive: Sphere.004
11:57:23 | INFO: Primitives created: 1
11:57:23 | INFO: Extracting primitive: Sphere.005
11:57:23 | INFO: Primitives created: 1
11:57:23 | INFO: Extracting primitive: Sphere.006
11:57:23 | INFO: Primitives created: 1
11:57:23 | INFO: Extracting primitive: Sphere.007
11:57:23 | INFO: Primitives created: 1
11:57:23 | INFO: Extracting primitive: Sphere.008
11:57:23 | INFO: Primitives created: 1
11:57:23 | INFO: Extracting primitive: Sphere.009
11:57:23 | INFO: Primitives created: 1
11:57:23 | INFO: Extracting primitive: Sphere.010
11:57:23 | INFO: Primitives created: 1
11:57:23 | INFO: Extracting primitive: Sphere.011
11:57:23 | INFO: Primitives created: 1
11:57:23 | INFO: Extracting primitive: Cylinder
11:57:23 | INFO: Primitives created: 1
11:57:23 | INFO: Extracting primitive: Icosphere
11:57:23 | INFO: Primitives created: 1
11:57:23 | INFO: Finished glTF 2.0 export in 0.10228705406188965 s

[OK] #095 worldsoul-resonance-choir glb=314460B
Info: Saved "hypernova-covenant-seal.blend"
11:57:24 | ERROR: Draco mesh compression is not available because library could not be found at /usr/bin/4.0/python/lib/python3.12/site-packages/libextern_draco.so
11:57:24 | INFO: Starting glTF 2.0 export
11:57:24 | INFO: Extracting primitive: Icosphere.001
11:57:24 | INFO: Primitives created: 1
11:57:24 | INFO: Extracting primitive: Icosphere.002
11:57:24 | INFO: Primitives created: 1
11:57:24 | INFO: Extracting primitive: Icosphere.003
11:57:24 | INFO: Primitives created: 1
11:57:24 | INFO: Extracting primitive: Icosphere.004
11:57:24 | INFO: Primitives created: 1
11:57:24 | INFO: Extracting primitive: Icosphere.005
11:57:24 | INFO: Primitives created: 1
11:57:24 | INFO: Extracting primitive: Sphere
11:57:24 | INFO: Primitives created: 1
11:57:24 | INFO: Extracting primitive: Sphere.001
11:57:24 | INFO: Primitives created: 1
11:57:24 | INFO: Extracting primitive: Sphere.002
11:57:24 | INFO: Primitives created: 1
11:57:24 | INFO: Extracting primitive: Sphere.003
11:57:24 | INFO: Primitives created: 1
11:57:24 | INFO: Extracting primitive: Sphere.004
11:57:24 | INFO: Primitives created: 1
11:57:24 | INFO: Extracting primitive: Sphere.005
11:57:24 | INFO: Primitives created: 1
11:57:24 | INFO: Extracting primitive: Sphere.006
11:57:24 | INFO: Primitives created: 1
11:57:24 | INFO: Extracting primitive: Sphere.007
11:57:24 | INFO: Primitives created: 1
11:57:24 | INFO: Extracting primitive: Sphere.008
11:57:24 | INFO: Primitives created: 1
11:57:24 | INFO: Extracting primitive: Sphere.009
11:57:24 | INFO: Primitives created: 1
11:57:24 | INFO: Extracting primitive: Sphere.010
11:57:24 | INFO: Primitives created: 1
11:57:24 | INFO: Extracting primitive: Sphere.011
11:57:24 | INFO: Primitives created: 1
11:57:24 | INFO: Extracting primitive: Cylinder
11:57:24 | INFO: Primitives created: 1
11:57:24 | INFO: Extracting primitive: Icosphere
11:57:24 | INFO: Primitives created: 1
11:57:25 | INFO: Finished glTF 2.0 export in 0.1268782615661621 s

[OK] #096 hypernova-covenant-seal glb=303552B
Info: Saved "the-gift-that-remembers-you.blend"
11:57:26 | ERROR: Draco mesh compression is not available because library could not be found at /usr/bin/4.0/python/lib/python3.12/site-packages/libextern_draco.so
11:57:26 | INFO: Starting glTF 2.0 export
11:57:26 | INFO: Extracting primitive: Sphere
11:57:26 | INFO: Primitives created: 1
11:57:26 | INFO: Extracting primitive: Sphere.001
11:57:26 | INFO: Primitives created: 1
11:57:26 | INFO: Extracting primitive: Sphere.002
11:57:26 | INFO: Primitives created: 1
11:57:26 | INFO: Extracting primitive: Sphere.003
11:57:26 | INFO: Primitives created: 1
11:57:26 | INFO: Extracting primitive: Sphere.004
11:57:26 | INFO: Primitives created: 1
11:57:26 | INFO: Extracting primitive: Sphere.005
11:57:26 | INFO: Primitives created: 1
11:57:26 | INFO: Extracting primitive: Sphere.006
11:57:26 | INFO: Primitives created: 1
11:57:26 | INFO: Extracting primitive: Sphere.007
11:57:26 | INFO: Primitives created: 1
11:57:26 | INFO: Extracting primitive: Sphere.008
11:57:26 | INFO: Primitives created: 1
11:57:26 | INFO: Extracting primitive: Sphere.009Fra:144 Mem:22.96M (Peak 22.96M) | Time:00:00.02 | Syncing CoreCube
Fra:144 Mem:22.98M (Peak 22.98M) | Time:00:00.02 | Syncing Rig_the-gift-that-remembers-you
Fra:144 Mem:22.98M (Peak 22.98M) | Time:00:00.02 | Syncing Orbiter_0
Fra:144 Mem:23.00M (Peak 23.00M) | Time:00:00.02 | Syncing Orbiter_1
Fra:144 Mem:23.02M (Peak 23.02M) | Time:00:00.02 | Syncing Orbiter_2
Fra:144 Mem:23.04M (Peak 23.04M) | Time:00:00.02 | Syncing Orbiter_3
Fra:144 Mem:23.06M (Peak 23.06M) | Time:00:00.02 | Syncing Orbiter_4
Fra:144 Mem:23.08M (Peak 23.08M) | Time:00:00.02 | Syncing Orbiter_5
Fra:144 Mem:23.10M (Peak 23.10M) | Time:00:00.02 | Syncing Orbiter_6
Fra:144 Mem:23.12M (Peak 23.12M) | Time:00:00.02 | Syncing Orbiter_7
Fra:144 Mem:23.14M (Peak 23.14M) | Time:00:00.02 | Syncing Orbiter_8
Fra:144 Mem:23.16M (Peak 23.16M) | Time:00:00.02 | Syncing Orbiter_9
Fra:144 Mem:23.18M (Peak 23.18M) | Time:00:00.02 | Syncing Orbiter_10
Fra:144 Mem:23.20M (Peak 23.20M) | Time:00:00.02 | Syncing Orbiter_11
Fra:144 Mem:23.21M (Peak 23.21M) | Time:00:00.02 | Syncing GlowDisc
Fra:144 Mem:23.23M (Peak 23.23M) | Time:00:00.02 | Syncing GiftCam
Fra:144 Mem:23.23M (Peak 23.23M) | Time:00:00.02 | Syncing Area
Fra:144 Mem:23.23M (Peak 23.23M) | Time:00:00.02 | Syncing Area.001
Fra:144 Mem:23.23M (Peak 23.23M) | Time:00:00.02 | Syncing Point
Fra:144 Mem:23.22M (Peak 23.23M) | Time:00:00.03 | Rendering 1 / 8 samples
Fra:144 Mem:23.06M (Peak 23.23M) | Time:00:01.36 | Rendering 8 / 8 samples
Saved: '/workspace/artifacts/gift-library/thumbnails/the-gift-that-remembers-you.png'
Time: 00:01.51 (Saving: 00:00.04)

Fra:144 Mem:23.12M (Peak 23.12M) | Time:00:00.02 | Syncing CoreTorus
Fra:144 Mem:23.20M (Peak 23.20M) | Time:00:00.02 | Syncing Rig_sylora-final-horizon
Fra:144 Mem:23.21M (Peak 23.21M) | Time:00:00.02 | Syncing Orbiter_0
Fra:144 Mem:23.23M (Peak 23.23M) | Time:00:00.02 | Syncing Orbiter_1
Fra:144 Mem:23.25M (Peak 23.25M) | Time:00:00.02 | Syncing Orbiter_2
Fra:144 Mem:23.27M (Peak 23.27M) | Time:00:00.02 | Syncing Orbiter_3
Fra:144 Mem:23.28M (Peak 23.28M) | Time:00:00.02 | Syncing Orbiter_4
Fra:144 Mem:23.30M (Peak 23.30M) | Time:00:00.02 | Syncing Orbiter_5
Fra:144 Mem:23.32M (Peak 23.32M) | Time:00:00.02 | Syncing Orbiter_6
Fra:144 Mem:23.34M (Peak 23.34M) | Time:00:00.02 | Syncing Orbiter_7
Fra:144 Mem:23.36M (Peak 23.36M) | Time:00:00.02 | Syncing Orbiter_8
Fra:144 Mem:23.38M (Peak 23.38M) | Time:00:00.02 | Syncing Orbiter_9
Fra:144 Mem:23.40M (Peak 23.40M) | Time:00:00.02 | Syncing Orbiter_10
Fra:144 Mem:23.42M (Peak 23.42M) | Time:00:00.02 | Syncing Orbiter_11
Fra:144 Mem:23.44M (Peak 23.44M) | Time:00:00.02 | Syncing GlowDisc
Fra:144 Mem:23.45M (Peak 23.45M) | Time:00:00.02 | Syncing GiftCam
Fra:144 Mem:23.45M (Peak 23.45M) | Time:00:00.02 | Syncing Area
Fra:144 Mem:23.45M (Peak 23.45M) | Time:00:00.02 | Syncing Area.001
Fra:144 Mem:23.45M (Peak 23.45M) | Time:00:00.02 | Syncing Point
Fra:144 Mem:23.44M (Peak 23.45M) | Time:00:00.03 | Rendering 1 / 8 samples
Fra:144 Mem:23.22M (Peak 23.45M) | Time:00:01.42 | Rendering 8 / 8 samples
Saved: '/workspace/artifacts/gift-library/thumbnails/sylora-final-horizon.png'
Time: 00:01.58 (Saving: 00:00.05)

Fra:144 Mem:23.02M (Peak 23.02M) | Time:00:00.02 | Syncing CoreIco
Fra:144 Mem:23.04M (Peak 23.04M) | Time:00:00.02 | Syncing Rig_absolute-radiance-crown
Fra:144 Mem:23.05M (Peak 23.05M) | Time:00:00.02 | Syncing Orbiter_0
Fra:144 Mem:23.07M (Peak 23.07M) | Time:00:00.02 | Syncing Orbiter_1
Fra:144 Mem:23.09M (Peak 23.09M) | Time:00:00.02 | Syncing Orbiter_2
Fra:144 Mem:23.11M (Peak 23.11M) | Time:00:00.02 | Syncing Orbiter_3
Fra:144 Mem:23.13M (Peak 23.13M) | Time:00:00.02 | Syncing Orbiter_4
Fra:144 Mem:23.14M (Peak 23.14M) | Time:00:00.02 | Syncing Orbiter_5
Fra:144 Mem:23.16M (Peak 23.16M) | Time:00:00.02 | Syncing Orbiter_6
Fra:144 Mem:23.18M (Peak 23.18M) | Time:00:00.02 | Syncing Orbiter_7
Fra:144 Mem:23.20M (Peak 23.20M) | Time:00:00.02 | Syncing Orbiter_8
Fra:144 Mem:23.22M (Peak 23.22M) | Time:00:00.02 | Syncing Orbiter_9
Fra:144 Mem:23.24M (Peak 23.24M) | Time:00:00.02 | Syncing Orbiter_10
Fra:144 Mem:23.26M (Peak 23.26M) | Time:00:00.02 | Syncing Orbiter_11
Fra:144 Mem:23.28M (Peak 23.28M) | Time:00:00.02 | Syncing GlowDisc
Fra:144 Mem:23.29M (Peak 23.29M) | Time:00:00.02 | Syncing GiftCam
Fra:144 Mem:23.29M (Peak 23.29M) | Time:00:00.02 | Syncing Area
Fra:144 Mem:23.29M (Peak 23.29M) | Time:00:00.02 | Syncing Area.001
Fra:144 Mem:23.29M (Peak 23.29M) | Time:00:00.02 | Syncing Point
Fra:144 Mem:23.29M (Peak 23.29M) | Time:00:00.02 | Rendering 1 / 8 samples
Fra:144 Mem:23.11M (Peak 23.29M) | Time:00:01.38 | Rendering 8 / 8 samples
Saved: '/workspace/artifacts/gift-library/thumbnails/absolute-radiance-crown.png'
Time: 00:01.52 (Saving: 00:00.04)

Fra:144 Mem:23.16M (Peak 23.16M) | Time:00:00.02 | Syncing CoreTorus
Fra:144 Mem:23.24M (Peak 23.24M) | Time:00:00.02 | Syncing Rig_myth-of-forever-live
Fra:144 Mem:23.24M (Peak 23.24M) | Time:00:00.02 | Syncing Orbiter_0
Fra:144 Mem:23.26M (Peak 23.26M) | Time:00:00.02 | Syncing Orbiter_1
Fra:144 Mem:23.28M (Peak 23.28M) | Time:00:00.02 | Syncing Orbiter_2
Fra:144 Mem:23.30M (Peak 23.30M) | Time:00:00.02 | Syncing Orbiter_3
Fra:144 Mem:23.32M (Peak 23.32M) | Time:00:00.02 | Syncing Orbiter_4
Fra:144 Mem:23.34M (Peak 23.34M) | Time:00:00.02 | Syncing Orbiter_5
Fra:144 Mem:23.36M (Peak 23.36M) | Time:00:00.02 | Syncing Orbiter_6
Fra:144 Mem:23.38M (Peak 23.38M) | Time:00:00.02 | Syncing Orbiter_7
Fra:144 Mem:23.40M (Peak 23.40M) | Time:00:00.02 | Syncing Orbiter_8
Fra:144 Mem:23.42M (Peak 23.42M) | Time:00:00.02 | Syncing Orbiter_9
Fra:144 Mem:23.44M (Peak 23.44M) | Time:00:00.02 | Syncing Orbiter_10
Fra:144 Mem:23.45M (Peak 23.45M) | Time:00:00.02 | Syncing Orbiter_11
Fra:144 Mem:23.47M (Peak 23.47M) | Time:00:00.02 | Syncing GlowDisc
Fra:144 Mem:23.49M (Peak 23.49M) | Time:00:00.02 | Syncing GiftCam
Fra:144 Mem:23.49M (Peak 23.49M) | Time:00:00.02 | Syncing Area
Fra:144 Mem:23.49M (Peak 23.49M) | Time:00:00.02 | Syncing Area.001
Fra:144 Mem:23.49M (Peak 23.49M) | Time:00:00.02 | Syncing Point
Fra:144 Mem:23.48M (Peak 23.49M) | Time:00:00.02 | Rendering 1 / 8 samples
Fra:144 Mem:23.25M (Peak 23.49M) | Time:00:01.42 | Rendering 8 / 8 samples
Saved: '/workspace/artifacts/gift-library/thumbnails/myth-of-forever-live.png'
Time: 00:01.61 (Saving: 00:00.06)


11:57:26 | INFO: Primitives created: 1
11:57:26 | INFO: Extracting primitive: Sphere.010
11:57:26 | INFO: Primitives created: 1
11:57:26 | INFO: Extracting primitive: Sphere.011
11:57:26 | INFO: Primitives created: 1
11:57:26 | INFO: Extracting primitive: Cylinder
11:57:26 | INFO: Primitives created: 1
11:57:26 | INFO: Extracting primitive: Cube
11:57:26 | INFO: Primitives created: 1
11:57:26 | INFO: Finished glTF 2.0 export in 0.10191607475280762 s

[OK] #097 the-gift-that-remembers-you glb=295288B
Info: Saved "sylora-final-horizon.blend"
11:57:28 | ERROR: Draco mesh compression is not available because library could not be found at /usr/bin/4.0/python/lib/python3.12/site-packages/libextern_draco.so
11:57:28 | INFO: Starting glTF 2.0 export
11:57:28 | INFO: Extracting primitive: Sphere
11:57:28 | INFO: Primitives created: 1
11:57:28 | INFO: Extracting primitive: Sphere.001
11:57:28 | INFO: Primitives created: 1
11:57:28 | INFO: Extracting primitive: Sphere.002
11:57:28 | INFO: Primitives created: 1
11:57:28 | INFO: Extracting primitive: Sphere.003
11:57:28 | INFO: Primitives created: 1
11:57:28 | INFO: Extracting primitive: Sphere.004
11:57:28 | INFO: Primitives created: 1
11:57:28 | INFO: Extracting primitive: Sphere.005
11:57:28 | INFO: Primitives created: 1
11:57:28 | INFO: Extracting primitive: Sphere.006
11:57:28 | INFO: Primitives created: 1
11:57:28 | INFO: Extracting primitive: Sphere.007
11:57:28 | INFO: Primitives created: 1
11:57:28 | INFO: Extracting primitive: Sphere.008
11:57:28 | INFO: Primitives created: 1
11:57:28 | INFO: Extracting primitive: Sphere.009
11:57:28 | INFO: Primitives created: 1
11:57:28 | INFO: Extracting primitive: Sphere.010
11:57:28 | INFO: Primitives created: 1
11:57:28 | INFO: Extracting primitive: Sphere.011
11:57:28 | INFO: Primitives created: 1
11:57:28 | INFO: Extracting primitive: Cylinder
11:57:28 | INFO: Primitives created: 1
11:57:28 | INFO: Extracting primitive: Torus
11:57:28 | INFO: Primitives created: 1
11:57:28 | INFO: Finished glTF 2.0 export in 0.1225285530090332 s

[OK] #098 sylora-final-horizon glb=387892B
Info: Saved "absolute-radiance-crown.blend"
11:57:30 | ERROR: Draco mesh compression is not available because library could not be found at /usr/bin/4.0/python/lib/python3.12/site-packages/libextern_draco.so
11:57:30 | INFO: Starting glTF 2.0 export
11:57:30 | INFO: Extracting primitive: Sphere
11:57:30 | INFO: Primitives created: 1
11:57:30 | INFO: Extracting primitive: Sphere.001
11:57:30 | INFO: Primitives created: 1
11:57:30 | INFO: Extracting primitive: Sphere.002
11:57:30 | INFO: Primitives created: 1
11:57:30 | INFO: Extracting primitive: Sphere.003
11:57:30 | INFO: Primitives created: 1
11:57:30 | INFO: Extracting primitive: Sphere.004
11:57:30 | INFO: Primitives created: 1
11:57:30 | INFO: Extracting primitive: Sphere.005
11:57:30 | INFO: Primitives created: 1
11:57:30 | INFO: Extracting primitive: Sphere.006
11:57:30 | INFO: Primitives created: 1
11:57:30 | INFO: Extracting primitive: Sphere.007
11:57:30 | INFO: Primitives created: 1
11:57:30 | INFO: Extracting primitive: Sphere.008
11:57:30 | INFO: Primitives created: 1
11:57:30 | INFO: Extracting primitive: Sphere.009
11:57:30 | INFO: Primitives created: 1
11:57:30 | INFO: Extracting primitive: Sphere.010
11:57:30 | INFO: Primitives created: 1
11:57:30 | INFO: Extracting primitive: Sphere.011
11:57:30 | INFO: Primitives created: 1
11:57:30 | INFO: Extracting primitive: Cylinder
11:57:30 | INFO: Primitives created: 1
11:57:30 | INFO: Extracting primitive: Icosphere
11:57:30 | INFO: Primitives created: 1
11:57:30 | INFO: Finished glTF 2.0 export in 0.10293054580688477 s

[OK] #099 absolute-radiance-crown glb=312976B
Info: Saved "myth-of-forever-live.blend"
11:57:31 | ERROR: Draco mesh compression is not available because library could not be found at /usr/bin/4.0/python/lib/python3.12/site-packages/libextern_draco.so
11:57:31 | INFO: Starting glTF 2.0 export
11:57:31 | INFO: Extracting primitive: Sphere
11:57:31 | INFO: Primitives created: 1
11:57:31 | INFO: Extracting primitive: Sphere.001
11:57:31 | INFO: Primitives created: 1
11:57:31 | INFO: Extracting primitive: Sphere.002
11:57:31 | INFO: Primitives created: 1
11:57:31 | INFO: Extracting primitive: Sphere.003
11:57:31 | INFO: Primitives created: 1
11:57:31 | INFO: Extracting primitive: Sphere.004
11:57:31 | INFO: Primitives created: 1
11:57:31 | INFO: Extracting primitive: Sphere.005
11:57:31 | INFO: Primitives created: 1
11:57:31 | INFO: Extracting primitive: Sphere.006
11:57:31 | INFO: Primitives created: 1
11:57:31 | INFO: Extracting primitive: Sphere.007
11:57:31 | INFO: Primitives created: 1
11:57:31 | INFO: Extracting primitive: Sphere.008
11:57:31 | INFO: Primitives created: 1
11:57:31 | INFO: Extracting primitive: Sphere.009
11:57:31 | INFO: Primitives created: 1
11:57:31 | INFO: Extracting primitive: Sphere.010
11:57:31 | INFO: Primitives created: 1
11:57:31 | INFO: Extracting primitive: Sphere.011
11:57:31 | INFO: Primitives created: 1
11:57:31 | INFO: Extracting primitive: Cylinder
11:57:31 | INFO: Primitives created: 1
11:57:31 | INFO: Extracting primitive: Torus
11:57:31 | INFO: Primitives created: 1
11:57:31 | INFO: Finished glTF 2.0 export in 0.1046912670135498 s

[OK] #100 myth-of-forever-live glb=386416B
Report → /workspace/artifacts/gift-library/reports/blender-generate-0-100.json

Blender quit
